12 0
12 1
12 2
12 3
12 4
12 5
12 6
12 7
12 8
12 9
107 10
27755 11
7171179 12
1852664939 13
1852664939 111
1852664939 53616
1852664939 13816177
1852664939 -741158542
1852664939 -741158541
1852664939 -741158540
1852664939 -741158539
1852664939 -741158538
1852664939 -741158537
1852664939 -741158536
1852664939 -741158535
1852664939 -741158534
1852664939 -741158533
1852664939 -741158532
1852664939 -741158531
1852664939 -741158530
1852664939 -741158529
1852664939 -741158528
1852664939 -741158527
1852664939 -741158526
1852664939 -741158525
1852664939 -741158524
1852664939 -741158523
1852664939 -741158522
1852664939 -741158521
1852664939 -741158520
1852664939 -741158519
1852664939 -741158518
1852664939 -741158517
1852664939 -741158516
1852664939 -741158515
1852664939 -741158514
1852664939 -741158513
1852664939 -741158512
1852664939 -741158511
1852664939 -741158510
1852664939 -741158509
1852664939 -741158508
1852664939 -741158507
1852664939 -741158506
1852664939 -741158505
1852664939 -741158504
1852664939 -741158503
1852664939 -741158502
1852664939 -741158501
1852664939 -741158500
1852664939 -741158499
1852664939 -741158498
1852664939 -741158497
1852664939 -741158496
1852664939 -741158495
1852664939 -741158494
1852664939 -741158493
1852664939 -741158492
1852664939 -741158491
1852664939 -741158490
1852664939 -741158489
1852664939 -741158488
1852664939 -741158487
1852664939 -741158486
1852664939 -741158485
1852664939 -741158484
1852664939 -741158483
1852664939 -741158482
1852664939 -741158481
1852664939 -741158480
1852664939 -741158479
1852664939 -741158478
1852664939 -741158477
1852664939 -741158476
1852664939 -741158475
1852664939 -741158474
1852664939 -741158473
1852664939 -741158472
1852664939 -741158471
1852664939 -741158470
1852664939 -741158469
1852664939 -741158468
1852664939 -741158467
1852664939 -741158466
1852664939 -741158465
1852664939 -741158464
1852664939 -741158463
1852664939 -741158462
1852664939 -741158461
1852664939 -741158460
1852664939 -741158459
1852664939 -741158458
1852664939 -741158457
1852664939 -741158456
1852664939 -741158455
1852664939 -741158454
1852664939 -741158453
1852664939 -741158452
1852664939 -741158451
1852664939 -741158450
1852664939 -741158449
1852664939 -741158448
1852664939 -741158447
1852664939 -741158446
1852664939 -741158445
1852664939 -741158444
1852664939 -741158443
1852664939 -741158442
1852664939 -741158441
1852664939 -741158440
1852664939 -741158439
1852664939 -741158438
1852664939 -741158437
1852664939 -741158436
1852664939 -741158435
1852664939 -741158434
1852664939 -741158433
1852664939 -741158432
1852664939 -741158431
1852664939 -741158430
1852664939 -741158429
1852664939 -741158428
1852664939 -741158427
1852664939 -741158426
1852664939 -741158425
1852664939 -741158424
1852664939 -741158423
1852664939 -741158422
1852664939 -741158421
1852664939 -741158420
1852664939 -741158419
1852664939 -741158418
1852664939 -741158417
1852664939 -741158416
1852664939 -741158415
1852664939 -741158414
1852664939 -741158413
1852664939 -741158412
1852664939 -741158411
1852664939 -741158410
1852664939 -741158409
1852664939 -741158408
1852664939 -741158407
1852664939 -741158406
1852664939 -741158405
1852664939 -741158404
1852664939 -741158403
1852664939 -741158402
1852664939 -741158401
1852664939 -741158400
1852664939 -741158399
1852664939 -741158398
1852664939 -741158397
1852664939 -741158396
1852664939 -741158395
1852664939 -741158394
1852664939 -741158393
1852664939 -741158392
1852664939 -741158391
1852664939 -741158390
1852664939 -741158389
1852664939 -741158388
1852664939 -741158387
1852664939 -741158386
1852664939 -741158385
1852664939 -741158384
1852664939 -741158383
1852664939 -741158382
1852664939 -741158381
1852664939 -741158380
1852664939 -741158379
1852664939 -741158378
1852664939 -741158377
1852664939 -741158376
1852664939 -741158375
1852664939 -741158374
1852664939 -741158373
1852664939 -741158372
1852664939 -741158371
1852664939 -741158370
1852664939 -741158369
1852664939 -741158368
1852664939 -741158367
1852664939 -741158366
1852664939 -741158365
1852664939 -741158364
1852664939 -741158363
1852664939 -741158362
1852664939 -741158361
1852664939 -741158360
1852664939 -741158359
1852664939 -741158358
1852664939 -741158357
1852664939 -741158356
1852664939 -741158355
1852664939 -741158354
1852664939 -741158353
1852664939 -741158352
1852664939 -741158351
1852664939 -741158350
1852664939 -741158349
1852664939 -741158348
1852664939 -741158347
1852664939 -741158346
1852664939 -741158345
1852664939 -741158344
1852664939 -741158343
1852664939 -741158342
1852664939 -741158341
1852664939 -741158340
1852664939 -741158339
1852664939 -741158338
1852664939 -741158337
1852664939 -741158336
1852664939 -741158335
1852664939 -741158334
1852664939 -741158333
1852664939 -741158332
1852664939 -741158331
1852664939 -741158330
1852664939 -741158329
1852664939 -741158328
1852664939 -741158327
1852664939 -741158326
1852664939 -741158325
1852664939 -741158324
1852664939 -741158323
1852664939 -741158322
1852664939 -741158321
1852664939 -741158320
1852664939 -741158319
1852664939 -741158318
1852664939 -741158317
1852664939 -741158316
1852664939 -741158315
1852664939 -741158314
1852664939 -741158313
1852664939 -741158312
1852664939 -741158311
1852664939 -741158310
1852664939 -741158309
1852664939 -741158308
1852664939 -741158307
1852664939 -741158306
1852664939 -741158305
1852664939 -741158304
1852664939 -741158303
1852664939 -741158302
1852664939 -741158301
1852664939 -741158300
1852664939 -741158299
1852664939 -741158298
1852664939 -741158297
1852664939 -741158296
1852664939 -741158295
1852664939 -741158294
1852664939 -741158293
1852664939 -741158292
1852664939 -741158291
1852664939 -741158290
1852664939 -741158289
1852664939 -741158288
1852664939 -741158287
1852664939 -741158286
1852664939 -741158285
1852664939 -741158284
1852664939 -741158283
1852664939 -741158282
1852664939 -741158281
1852664939 -741158280
1852664939 -741158279
1852664939 -741158278
1852664939 -741158277
1852664939 -741158276
1852664939 -741158275
1852664939 -741158274
1852664939 -741158273
1852664939 -741158272
1852664939 -741158271
1852664939 -741158270
1852664939 -741158269
1852664939 -741158268
1852664939 -741158267
1852664939 -741158266
1852664939 -741158265
1852664939 -741158264
1852664939 -741158263
1852664939 -741158262
1852664939 -741158261
1852664939 -741158260
1852664939 -741158259
1852664939 -741158258
1852664939 -741158257
1852664939 -741158256
1852664939 -741158255
1852664939 -741158254
1852664939 -741158253
1852664939 -741158252
1852664939 -741158251
1852664939 -741158250
1852664939 -741158249
1852664939 -741158248
1852664939 -741158247
1852664939 -741158246
1852664939 -741158245
1852664939 -741158244
1852664939 -741158243
1852664939 -741158242
1852664939 -741158241
1852664939 -741158240
1852664939 -741158239
1852664939 -741158238
1852664939 -741158237
1852664939 -741158236
1852664939 -741158235
1852664939 -741158234
1852664939 -741158233
1852664939 -741158232
1852664939 -741158231
1852664939 -741158230
1852664939 -741158229
1852664939 -741158228
1852664939 -741158227
1852664939 -741158226
1852664939 -741158225
1852664939 -741158224
1852664939 -741158223
1852664939 -741158222
1852664939 -741158221
1852664939 -741158220
1852664939 -741158219
1852664939 -741158218
1852664939 -741158217
1852664939 -741158216
1852664939 -741158215
1852664939 -741158214
1852664939 -741158213
1852664939 -741158212
1852664939 -741158211
1852664939 -741158210
1852664939 -741158209
1852664939 -741158208
1852664939 -741158207
1852664939 -741158206
1852664939 -741158205
1852664939 -741158204
1852664939 -741158203
1852664939 -741158202
1852664939 -741158201
1852664939 -741158200
1852664939 -741158199
1852664939 -741158198
1852664939 -741158197
1852664939 -741158196
1852664939 -741158195
1852664939 -741158194
1852664939 -741158193
1852664939 -741158192
1852664939 -741158191
1852664939 -741158190
1852664939 -741158189
1852664939 -741158188
1852664939 -741158187
1852664939 -741158186
1852664939 -741158185
1852664939 -741158184
1852664939 -741158183
1852664939 -741158182
1852664939 -741158181
1852664939 -741158180
1852664939 -741158179
1852664939 -741158178
1852664939 -741158177
1852664939 -741158176
1852664939 -741158175
1852664939 -741158174
1852664939 -741158173
1852664939 -741158172
1852664939 -741158171
1852664939 -741158170
1852664939 -741158169
1852664939 -741158168
1852664939 -741158167
1852664939 -741158166
1852664939 -741158165
1852664939 -741158164
1852664939 -741158163
1852664939 -741158162
1852664939 -741158161
1852664939 -741158160
1852664939 -741158159
1852664939 -741158158
1852664939 -741158157
1852664939 -741158156
1852664939 -741158155
1852664939 -741158154
1852664939 -741158153
1852664939 -741158152
1852664939 -741158151
1852664939 -741158150
1852664939 -741158149
1852664939 -741158148
1852664939 -741158147
1852664939 -741158146
1852664939 -741158145
1852664939 -741158144
1852664939 -741158143
1852664939 -741158142
1852664939 -741158141
1852664939 -741158140
1852664939 -741158139
1852664939 -741158138
1852664939 -741158137
1852664939 -741158136
1852664939 -741158135
1852664939 -741158134
1852664939 -741158133
1852664939 -741158132
1852664939 -741158131
1852664939 -741158130
1852664939 -741158129
1852664939 -741158128
1852664939 -741158127
1852664939 -741158126
1852664939 -741158125
1852664939 -741158124
1852664939 -741158123
1852664939 -741158122
1852664939 -741158121
1852664939 -741158120
1852664939 -741158119
1852664939 -741158118
1852664939 -741158117
1852664939 -741158116
1852664939 -741158115
1852664939 -741158114
1852664939 -741158113
1852664939 -741158112
1852664939 -741158111
1852664939 -741158110
1852664939 -741158109
1852664939 -741158108
1852664939 -741158107
1852664939 -741158106
1852664939 -741158105
1852664939 -741158104
1852664939 -741158103
1852664939 -741158102
1852664939 -741158101
1852664939 -741158100
1852664939 -741158099
1852664939 -741158098
1852664939 -741158097
1852664939 -741158096
1852664939 -741158095
1852664939 -741158094
1852664939 -741158093
1852664939 -741158092
1852664939 -741158091
1852664939 -741158090
1852664939 -741158089
1852664939 -741158088
1852664939 -741158087
1852664939 -741158086
1852664939 -741158085
1852664939 -741158084
1852664939 -741158083
1852664939 -741158082
1852664939 -741158081
1852664939 -741158080
1852664939 -741158079
1852664939 -741158078
1852664939 -741158077
1852664939 -741158076
1852664939 -741158075
1852664939 -741158074
1852664939 -741158073
1852664939 -741158072
1852664939 -741158071
1852664939 -741158070
1852664939 -741158069
1852664939 -741158068
1852664939 -741158067
1852664939 -741158066
1852664939 -741158065
1852664939 -741158064
1852664939 -741158063
1852664939 -741158062
1852664939 -741158061
1852664939 -741158060
1852664939 -741158059
1852664939 -741158058
1852664939 -741158057
1852664939 -741158056
1852664939 -741158055
1852664939 -741158054
1852664939 -741158053
1852664939 -741158052
1852664939 -741158051
1852664939 -741158050
1852664939 -741158049
1852664939 -741158048
1852664939 -741158047
1852664939 -741158046
1852664939 -741158045
1852664939 -741158044
1852664939 -741158043
1852664939 -741158042
1852664939 -741158041
1852664939 -741158040
1852664939 -741158039
1852664939 -741158038
1852664939 -741158037
1852664939 -741158036
1852664939 -741158035
1852664939 -741158034
1852664939 -741158033
1852664939 -741158032
1852664939 -741158031
1852664939 -741158030
1852664939 -741158029
1852664939 -741158028
1852664939 -741158027
1852664939 -741158026
1852664939 -741158025
1852664939 -741158024
1852664939 -741158023
1852664939 -741158022
1852664939 -741158021
1852664939 -741158020
1852664939 -741158019
1852664939 -741158018
1852664939 -741158017
1852664939 -741158016
1852664939 -741158015
1852664939 -741158014
1852664939 -741158013
1852664939 -741158012
1852664939 -741158011
1852664939 -741158010
1852664939 -741158009
1852664939 -741158008
1852664939 -741158007
1852664939 -741158006
1852664939 -741158005
1852664939 -741158004
1852664939 -741158003
1852664939 -741158002
1852664939 -741158001
1852664939 -741158000
1852664939 -741157999
1852664939 -741157998
1852664939 -741157997
1852664939 -741157996
1852664939 -741157995
1852664939 -741157994
1852664939 -741157993
1852664939 -741157992
1852664939 -741157991
1852664939 -741157990
1852664939 -741157989
1852664939 -741157988
1852664939 -741157987
1852664939 -741157986
1852664939 -741157985
1852664939 -741157984
1852664939 -741157983
1852664939 -741157982
1852664939 -741157981
1852664939 -741157980
1852664939 -741157979
1852664939 -741157978
1852664939 -741157977
1852664939 -741157976
1852664939 -741157975
1852664939 -741157974
1852664939 -741157973
1852664939 -741157972
1852664939 -741157971
1852664939 -741157970
1852664939 -741157969
1852664939 -741157968
1852664939 -741157967
1852664939 -741157966
1852664939 -741157965
1852664939 -741157964
1852664939 -741157963
1852664939 -741157962
1852664939 -741157961
1852664939 -741157960
1852664939 -741157959
1852664939 -741157958
1852664939 -741157957
1852664939 -741157956
1852664939 -741157955
1852664939 -741157954
1852664939 -741157953
1852664939 -741157952
1852664939 -741157951
1852664939 -741157950
1852664939 -741157949
1852664939 -741157948
1852664939 -741157947
1852664939 -741157946
1852664939 -741157945
1852664939 -741157944
1852664939 -741157943
1852664939 -741157942
1852664939 -741157941
1852664939 -741157940
1852664939 -741157939
1852664939 -741157938
1852664939 -741157937
1852664939 -741157936
1852664939 -741157935
1852664939 -741157934
1852664939 -741157933
1852664939 -741157932
1852664939 -741157931
1852664939 -741157930
1852664939 -741157929
1852664939 -741157928
1852664939 -741157927
1852664939 -741157926
1852664939 -741157925
1852664939 -741157924
1852664939 -741157923
1852664939 -741157922
1852664939 -741157921
1852664939 -741157920
1852664939 -741157919
1852664939 -741157918
1852664939 -741157917
1852664939 -741157916
1852664939 -741157915
1852664939 -741157914
1852664939 -741157913
1852664939 -741157912
1852664939 -741157911
1852664939 -741157910
1852664939 -741157909
1852664939 -741157908
1852664939 -741157907
1852664939 -741157906
1852664939 -741157905
1852664939 -741157904
1852664939 -741157903
1852664939 -741157902
1852664939 -741157901
1852664939 -741157900
1852664939 -741157899
1852664939 -741157898
1852664939 -741157897
1852664939 -741157896
1852664939 -741157895
1852664939 -741157894
1852664939 -741157893
1852664939 -741157892
1852664939 -741157891
1852664939 -741157890
1852664939 -741157889
1852664939 -741157888
1852664939 -741157887
1852664939 -741157886
1852664939 -741157885
1852664939 -741157884
1852664939 -741157883
1852664939 -741157882
1852664939 -741157881
1852664939 -741157880
1852664939 -741157879
1852664939 -741157878
1852664939 -741157877
1852664939 -741157876
1852664939 -741157875
1852664939 -741157874
1852664939 -741157873
1852664939 -741157872
1852664939 -741157871
1852664939 -741157870
1852664939 -741157869
1852664939 -741157868
1852664939 -741157867
1852664939 -741157866
1852664939 -741157865
1852664939 -741157864
1852664939 -741157863
1852664939 -741157862
1852664939 -741157861
1852664939 -741157860
1852664939 -741157859
1852664939 -741157858
1852664939 -741157857
1852664939 -741157856
1852664939 -741157855
1852664939 -741157854
1852664939 -741157853
1852664939 -741157852
1852664939 -741157851
1852664939 -741157850
1852664939 -741157849
1852664939 -741157848
1852664939 -741157847
1852664939 -741157846
1852664939 -741157845
1852664939 -741157844
1852664939 -741157843
1852664939 -741157842
1852664939 -741157841
1852664939 -741157840
1852664939 -741157839
1852664939 -741157838
1852664939 -741157837
1852664939 -741157836
1852664939 -741157835
1852664939 -741157834
1852664939 -741157833
1852664939 -741157832
1852664939 -741157831
1852664939 -741157830
1852664939 -741157829
1852664939 -741157828
1852664939 -741157827
1852664939 -741157826
1852664939 -741157825
1852664939 -741157824
1852664939 -741157823
1852664939 -741157822
1852664939 -741157821
1852664939 -741157820
1852664939 -741157819
1852664939 -741157818
1852664939 -741157817
1852664939 -741157816
1852664939 -741157815
1852664939 -741157814
1852664939 -741157813
1852664939 -741157812
1852664939 -741157811
1852664939 -741157810
1852664939 -741157809
1852664939 -741157808
1852664939 -741157807
1852664939 -741157806
1852664939 -741157805
1852664939 -741157804
1852664939 -741157803
1852664939 -741157802
1852664939 -741157801
1852664939 -741157800
1852664939 -741157799
1852664939 -741157798
1852664939 -741157797
1852664939 -741157796
1852664939 -741157795
1852664939 -741157794
1852664939 -741157793
1852664939 -741157792
1852664939 -741157791
1852664939 -741157790
1852664939 -741157789
1852664939 -741157788
1852664939 -741157787
1852664939 -741157786
1852664939 -741157785
1852664939 -741157784
1852664939 -741157783
1852664939 -741157782
1852664939 -741157781
1852664939 -741157780
1852664939 -741157779
1852664939 -741157778
1852664939 -741157777
1852664939 -741157776
1852664939 -741157775
1852664939 -741157774
1852664939 -741157773
1852664939 -741157772
1852664939 -741157771
1852664939 -741157770
1852664939 -741157769
1852664939 -741157768
1852664939 -741157767
1852664939 -741157766
1852664939 -741157765
1852664939 -741157764
1852664939 -741157763
1852664939 -741157762
1852664939 -741157761
1852664939 -741157760
1852664939 -741157759
1852664939 -741157758
1852664939 -741157757
1852664939 -741157756
1852664939 -741157755
1852664939 -741157754
1852664939 -741157753
1852664939 -741157752
1852664939 -741157751
1852664939 -741157750
1852664939 -741157749
1852664939 -741157748
1852664939 -741157747
1852664939 -741157746
1852664939 -741157745
1852664939 -741157744
1852664939 -741157743
1852664939 -741157742
1852664939 -741157741
1852664939 -741157740
1852664939 -741157739
1852664939 -741157738
1852664939 -741157737
1852664939 -741157736
1852664939 -741157735
1852664939 -741157734
1852664939 -741157733
1852664939 -741157732
1852664939 -741157731
1852664939 -741157730
1852664939 -741157729
1852664939 -741157728
1852664939 -741157727
1852664939 -741157726
1852664939 -741157725
1852664939 -741157724
1852664939 -741157723
1852664939 -741157722
1852664939 -741157721
1852664939 -741157720
1852664939 -741157719
1852664939 -741157718
1852664939 -741157717
1852664939 -741157716
1852664939 -741157715
1852664939 -741157714
1852664939 -741157713
1852664939 -741157712
1852664939 -741157711
1852664939 -741157710
1852664939 -741157709
1852664939 -741157708
1852664939 -741157707
1852664939 -741157706
1852664939 -741157705
1852664939 -741157704
1852664939 -741157703
1852664939 -741157702
1852664939 -741157701
1852664939 -741157700
1852664939 -741157699
1852664939 -741157698
1852664939 -741157697
1852664939 -741157696
1852664939 -741157695
1852664939 -741157694
1852664939 -741157693
1852664939 -741157692
1852664939 -741157691
1852664939 -741157690
1852664939 -741157689
1852664939 -741157688
1852664939 -741157687
1852664939 -741157686
1852664939 -741157685
1852664939 -741157684
1852664939 -741157683
1852664939 -741157682
1852664939 -741157681
1852664939 -741157680
1852664939 -741157679
1852664939 -741157678
1852664939 -741157677
1852664939 -741157676
1852664939 -741157675
1852664939 -741157674
1852664939 -741157673
1852664939 -741157672
1852664939 -741157671
1852664939 -741157670
1852664939 -741157669
1852664939 -741157668
1852664939 -741157667
1852664939 -741157666
1852664939 -741157665
1852664939 -741157664
1852664939 -741157663
1852664939 -741157662
1852664939 -741157661
1852664939 -741157660
1852664939 -741157659
1852664939 -741157658
1852664939 -741157657
1852664939 -741157656
1852664939 -741157655
1852664939 -741157654
1852664939 -741157653
1852664939 -741157652
1852664939 -741157651
1852664939 -741157650
1852664939 -741157649
1852664939 -741157648
1852664939 -741157647
1852664939 -741157646
1852664939 -741157645
1852664939 -741157644
1852664939 -741157643
1852664939 -741157642
1852664939 -741157641
1852664939 -741157640
1852664939 -741157639
1852664939 -741157638
1852664939 -741157637
1852664939 -741157636
1852664939 -741157635
1852664939 -741157634
1852664939 -741157633
1852664939 -741157632
1852664939 -741157631
1852664939 -741157630
1852664939 -741157629
1852664939 -741157628
1852664939 -741157627
1852664939 -741157626
1852664939 -741157625
1852664939 -741157624
1852664939 -741157623
1852664939 -741157622
1852664939 -741157621
1852664939 -741157620
1852664939 -741157619
1852664939 -741157618
1852664939 -741157617
1852664939 -741157616
1852664939 -741157615
1852664939 -741157614
1852664939 -741157613
1852664939 -741157612
1852664939 -741157611
1852664939 -741157610
1852664939 -741157609
1852664939 -741157608
1852664939 -741157607
1852664939 -741157606
1852664939 -741157605
1852664939 -741157604
1852664939 -741157603
1852664939 -741157602
1852664939 -741157601
1852664939 -741157600
1852664939 -741157599
1852664939 -741157598
1852664939 -741157597
1852664939 -741157596
1852664939 -741157595
1852664939 -741157594
1852664939 -741157593
1852664939 -741157592
1852664939 -741157591
1852664939 -741157590
1852664939 -741157589
1852664939 -741157588
1852664939 -741157587
1852664939 -741157586
1852664939 -741157585
1852664939 -741157584
1852664939 -741157583
1852664939 -741157582
1852664939 -741157581
1852664939 -741157580
1852664939 -741157579
1852664939 -741157578
1852664939 -741157577
1852664939 -741157576
1852664939 -741157575
1852664939 -741157574
1852664939 -741157573
1852664939 -741157572
1852664939 -741157571
1852664939 -741157570
1852664939 -741157569
1852664939 -741157568
1852664939 -741157567
1852664939 -741157566
1852664939 -741157565
1852664939 -741157564
1852664939 -741157563
1852664939 -741157562
1852664939 -741157561
1852664939 -741157560
1852664939 -741157559
1852664939 -741157558
1852664939 -741157557
1852664939 -741157556
1852664939 -741157555
1852664939 -741157554
1852664939 -741157553
1852664939 -741157552
1852664939 -741157551
1852664939 -741157550
1852664939 -741157549
1852664939 -741157548
1852664939 -741157547
1852664939 -741157546
1852664939 -741157545
1852664939 -741157544
1852664939 -741157543
1852664939 -741157542
1852664939 -741157541
1852664939 -741157540
1852664939 -741157539
1852664939 -741157538
1852664939 -741157537
1852664939 -741157536
1852664939 -741157535
1852664939 -741157534
1852664939 -741157533
1852664939 -741157532
1852664939 -741157531
1852664939 -741157530
1852664939 -741157529
1852664939 -741157528
1852664939 -741157527
1852664939 -741157526
1852664939 -741157525
1852664939 -741157524
1852664939 -741157523
1852664939 -741157522
1852664939 -741157521
1852664939 -741157520
1852664939 -741157519
1852664939 -741157518
1852664939 -741157517
1852664939 -741157516
1852664939 -741157515
1852664939 -741157514
1852664939 -741157513
1852664939 -741157512
1852664939 -741157511
1852664939 -741157510
1852664939 -741157509
1852664939 -741157508
1852664939 -741157507
1852664939 -741157506
1852664939 -741157505
1852664939 -741157504
1852664939 -741157503
1852664939 -741157502
1852664939 -741157501
1852664939 -741157500
1852664939 -741157499
1852664939 -741157498
1852664939 -741157497
1852664939 -741157496
1852664939 -741157495
1852664939 -741157494
1852664939 -741157493
1852664939 -741157492
1852664939 -741157491
1852664939 -741157490
1852664939 -741157489
1852664939 -741157488
1852664939 -741157487
1852664939 -741157486
1852664939 -741157485
1852664939 -741157484
1852664939 -741157483
1852664939 -741157482
1852664939 -741157481
1852664939 -741157480
1852664939 -741157479
1852664939 -741157478
1852664939 -741157477
1852664939 -741157476
1852664939 -741157475
1852664939 -741157474
1852664939 -741157473
1852664939 -741157472
1852664939 -741157471
1852664939 -741157470
1852664939 -741157469
1852664939 -741157468
1852664939 -741157467
1852664939 -741157466
1852664939 -741157465
1852664939 -741157464
1852664939 -741157463
1852664939 -741157462
1852664939 -741157461
1852664939 -741157460
1852664939 -741157459
1852664939 -741157458
1852664939 -741157457
1852664939 -741157456
1852664939 -741157455
1852664939 -741157454
1852664939 -741157453
1852664939 -741157452
1852664939 -741157451
1852664939 -741157450
1852664939 -741157449
1852664939 -741157448
1852664939 -741157447
1852664939 -741157446
1852664939 -741157445
1852664939 -741157444
1852664939 -741157443
1852664939 -741157442
1852664939 -741157441
1852664939 -741157440
1852664939 -741157439
1852664939 -741157438
1852664939 -741157437
1852664939 -741157436
1852664939 -741157435
1852664939 -741157434
1852664939 -741157433
1852664939 -741157432
1852664939 -741157431
1852664939 -741157430
1852664939 -741157429
1852664939 -741157428
1852664939 -741157427
1852664939 -741157426
1852664939 -741157425
1852664939 -741157424
1852664939 -741157423
1852664939 -741157422
1852664939 -741157421
1852664939 -741157420
1852664939 -741157419
1852664939 -741157418
1852664939 -741157417
1852664939 -741157416
1852664939 -741157415
1852664939 -741157414
1852664939 -741157413
1852664939 -741157412
1852664939 -741157411
1852664939 -741157410
1852664939 -741157409
1852664939 -741157408
1852664939 -741157407
1852664939 -741157406
1852664939 -741157405
1852664939 -741157404
1852664939 -741157403
1852664939 -741157402
1852664939 -741157401
1852664939 -741157400
1852664939 -741157399
1852664939 -741157398
1852664939 -741157397
1852664939 -741157396
1852664939 -741157395
1852664939 -741157394
1852664939 -741157393
1852664939 -741157392
1852664939 -741157391
1852664939 -741157390
1852664939 -741157389
1852664939 -741157388
1852664939 -741157387
1852664939 -741157386
1852664939 -741157385
1852664939 -741157384
1852664939 -741157383
1852664939 -741157382
1852664939 -741157381
1852664939 -741157380
1852664939 -741157379
1852664939 -741157378
1852664939 -741157377
1852664939 -741157376
1852664939 -741157375
1852664939 -741157374
1852664939 -741157373
1852664939 -741157372
1852664939 -741157371
1852664939 -741157370
1852664939 -741157369
1852664939 -741157368
1852664939 -741157367
1852664939 -741157366
1852664939 -741157365
1852664939 -741157364
1852664939 -741157363
1852664939 -741157362
1852664939 -741157361
1852664939 -741157360
1852664939 -741157359
1852664939 -741157358
1852664939 -741157357
1852664939 -741157356
1852664939 -741157355
1852664939 -741157354
1852664939 -741157353
1852664939 -741157352
1852664939 -741157351
1852664939 -741157350
1852664939 -741157349
1852664939 -741157348
1852664939 -741157347
1852664939 -741157346
1852664939 -741157345
1852664939 -741157344
1852664939 -741157343
1852664939 -741157342
1852664939 -741157341
1852664939 -741157340
1852664939 -741157339
1852664939 -741157338
1852664939 -741157337
1852664939 -741157336
1852664939 -741157335
1852664939 -741157334
1852664939 -741157333
1852664939 -741157332
1852664939 -741157331
1852664939 -741157330
1852664939 -741157329
1852664939 -741157328
1852664939 -741157327
1852664939 -741157326
1852664939 -741157325
1852664939 -741157324
1852664939 -741157323
1852664939 -741157322
1852664939 -741157321
1852664939 -741157320
1852664939 -741157319
1852664939 -741157318
1852664939 -741157317
1852664939 -741157316
1852664939 -741157315
1852664939 -741157314
1852664939 -741157313
1852664939 -741157312
1852664939 -741157311
1852664939 -741157310
1852664939 -741157309
1852664939 -741157308
1852664939 -741157307
1852664939 -741157306
1852664939 -741157305
1852664939 -741157304
1852664939 -741157303
1852664939 -741157302
1852664939 -741157301
1852664939 -741157300
1852664939 -741157299
1852664939 -741157298
1852664939 -741157297
1852664939 -741157296
1852664939 -741157295
1852664939 -741157294
1852664939 -741157293
1852664939 -741157292
1852664939 -741157291
1852664939 -741157290
1852664939 -741157289
1852664939 -741157288
1852664939 -741157287
1852664939 -741157286
1852664939 -741157285
1852664939 -741157284
1852664939 -741157283
1852664939 -741157282
1852664939 -741157281
1852664939 -741157280
1852664939 -741157279
1852664939 -741157278
1852664939 -741157277
1852664939 -741157276
1852664939 -741157275
1852664939 -741157274
1852664939 -741157273
1852664939 -741157272
1852664939 -741157271
1852664939 -741157270
1852664939 -741157269
1852664939 -741157268
1852664939 -741157267
1852664939 -741157266
1852664939 -741157265
1852664939 -741157264
1852664939 -741157263
1852664939 -741157262
1852664939 -741157261
1852664939 -741157260
1852664939 -741157259
1852664939 -741157258
1852664939 -741157257
1852664939 -741157256
1852664939 -741157255
1852664939 -741157254
1852664939 -741157253
1852664939 -741157252
1852664939 -741157251
1852664939 -741157250
1852664939 -741157249
1852664939 -741157248
1852664939 -741157247
1852664939 -741157246
1852664939 -741157245
1852664939 -741157244
1852664939 -741157243
1852664939 -741157242
1852664939 -741157241
1852664939 -741157240
1852664939 -741157239
1852664939 -741157238
1852664939 -741157237
1852664939 -741157236
1852664939 -741157235
1852664939 -741157234
1852664939 -741157233
1852664939 -741157232
1852664939 -741157231
1852664939 -741157230
1852664939 -741157229
1852664939 -741157228
1852664939 -741157227
1852664939 -741157226
1852664939 -741157225
1852664939 -741157224
1852664939 -741157223
1852664939 -741157222
1852664939 -741157221
1852664939 -741157220
1852664939 -741157219
1852664939 -741157218
1852664939 -741157217
1852664939 -741157216
1852664939 -741157215
1852664939 -741157214
1852664939 -741157213
1852664939 -741157212
1852664939 -741157211
1852664939 -741157210
1852664939 -741157209
1852664939 -741157208
1852664939 -741157207
1852664939 -741157206
1852664939 -741157205
1852664939 -741157204
1852664939 -741157203
1852664939 -741157202
1852664939 -741157201
1852664939 -741157200
1852664939 -741157199
1852664939 -741157198
1852664939 -741157197
1852664939 -741157196
1852664939 -741157195
1852664939 -741157194
1852664939 -741157193
1852664939 -741157192
1852664939 -741157191
1852664939 -741157190
1852664939 -741157189
1852664939 -741157188
1852664939 -741157187
1852664939 -741157186
1852664939 -741157185
1852664939 -741157184
1852664939 -741157183
1852664939 -741157182
1852664939 -741157181
1852664939 -741157180
1852664939 -741157179
1852664939 -741157178
1852664939 -741157177
1852664939 -741157176
1852664939 -741157175
1852664939 -741157174
1852664939 -741157173
1852664939 -741157172
1852664939 -741157171
1852664939 -741157170
1852664939 -741157169
1852664939 -741157168
1852664939 -741157167
1852664939 -741157166
1852664939 -741157165
1852664939 -741157164
1852664939 -741157163
1852664939 -741157162
1852664939 -741157161
1852664939 -741157160
1852664939 -741157159
1852664939 -741157158
1852664939 -741157157
1852664939 -741157156
1852664939 -741157155
1852664939 -741157154
1852664939 -741157153
1852664939 -741157152
1852664939 -741157151
1852664939 -741157150
1852664939 -741157149
1852664939 -741157148
1852664939 -741157147
1852664939 -741157146
1852664939 -741157145
1852664939 -741157144
1852664939 -741157143
1852664939 -741157142
1852664939 -741157141
1852664939 -741157140
1852664939 -741157139
1852664939 -741157138
1852664939 -741157137
1852664939 -741157136
1852664939 -741157135
1852664939 -741157134
1852664939 -741157133
1852664939 -741157132
1852664939 -741157131
1852664939 -741157130
1852664939 -741157129
1852664939 -741157128
1852664939 -741157127
1852664939 -741157126
1852664939 -741157125
1852664939 -741157124
1852664939 -741157123
1852664939 -741157122
1852664939 -741157121
1852664939 -741157120
1852664939 -741157119
1852664939 -741157118
1852664939 -741157117
1852664939 -741157116
1852664939 -741157115
1852664939 -741157114
1852664939 -741157113
1852664939 -741157112
1852664939 -741157111
1852664939 -741157110
1852664939 -741157109
1852664939 -741157108
1852664939 -741157107
1852664939 -741157106
1852664939 -741157105
1852664939 -741157104
1852664939 -741157103
1852664939 -741157102
1852664939 -741157101
1852664939 -741157100
1852664939 -741157099
1852664939 -741157098
1852664939 -741157097
1852664939 -741157096
1852664939 -741157095
1852664939 -741157094
1852664939 -741157093
1852664939 -741157092
1852664939 -741157091
1852664939 -741157090
1852664939 -741157089
1852664939 -741157088
1852664939 -741157087
1852664939 -741157086
1852664939 -741157085
1852664939 -741157084
1852664939 -741157083
1852664939 -741157082
1852664939 -741157081
1852664939 -741157080
1852664939 -741157079
1852664939 -741157078
1852664939 -741157077
1852664939 -741157076
1852664939 -741157075
1852664939 -741157074
1852664939 -741157073
1852664939 -741157072
1852664939 -741157071
1852664939 -741157070
1852664939 -741157069
1852664939 -741157068
1852664939 -741157067
1852664939 -741157066
1852664939 -741157065
1852664939 -741157064
1852664939 -741157063
1852664939 -741157062
1852664939 -741157061
1852664939 -741157060
1852664939 -741157059
1852664939 -741157058
1852664939 -741157057
1852664939 -741157056
1852664939 -741157055
1852664939 -741157054
1852664939 -741157053
1852664939 -741157052
1852664939 -741157051
1852664939 -741157050
1852664939 -741157049
1852664939 -741157048
1852664939 -741157047
1852664939 -741157046
1852664939 -741157045
1852664939 -741157044
1852664939 -741157043
1852664939 -741157042
1852664939 -741157041
1852664939 -741157040
1852664939 -741157039
1852664939 -741157038
1852664939 -741157037
1852664939 -741157036
1852664939 -741157035
1852664939 -741157034
1852664939 -741157033
1852664939 -741157032
1852664939 -741157031
1852664939 -741157030
1852664939 -741157029
1852664939 -741157028
1852664939 -741157027
1852664939 -741157026
1852664939 -741157025
1852664939 -741157024
1852664939 -741157023
1852664939 -741157022
1852664939 -741157021
1852664939 -741157020
1852664939 -741157019
1852664939 -741157018
1852664939 -741157017
1852664939 -741157016
1852664939 -741157015
1852664939 -741157014
1852664939 -741157013
1852664939 -741157012
1852664939 -741157011
1852664939 -741157010
1852664939 -741157009
1852664939 -741157008
1852664939 -741157007
1852664939 -741157006
1852664939 -741157005
1852664939 -741157004
1852664939 -741157003
1852664939 -741157002
1852664939 -741157001
1852664939 -741157000
1852664939 -741156999
1852664939 -741156998
1852664939 -741156997
1852664939 -741156996
1852664939 -741156995
1852664939 -741156994
1852664939 -741156993
1852664939 -741156992
1852664939 -741156991
1852664939 -741156990
1852664939 -741156989
1852664939 -741156988
1852664939 -741156987
1852664939 -741156986
1852664939 -741156985
1852664939 -741156984
1852664939 -741156983
1852664939 -741156982
1852664939 -741156981
1852664939 -741156980
1852664939 -741156979
1852664939 -741156978
1852664939 -741156977
1852664939 -741156976
1852664939 -741156975
1852664939 -741156974
1852664939 -741156973
1852664939 -741156972
1852664939 -741156971
1852664939 -741156970
1852664939 -741156969
1852664939 -741156968
1852664939 -741156967
1852664939 -741156966
1852664939 -741156965
1852664939 -741156964
1852664939 -741156963
1852664939 -741156962
1852664939 -741156961
1852664939 -741156960
1852664939 -741156959
1852664939 -741156958
1852664939 -741156957
1852664939 -741156956
1852664939 -741156955
1852664939 -741156954
1852664939 -741156953
1852664939 -741156952
1852664939 -741156951
1852664939 -741156950
1852664939 -741156949
1852664939 -741156948
1852664939 -741156947
1852664939 -741156946
1852664939 -741156945
1852664939 -741156944
1852664939 -741156943
1852664939 -741156942
1852664939 -741156941
1852664939 -741156940
1852664939 -741156939
1852664939 -741156938
1852664939 -741156937
1852664939 -741156936
1852664939 -741156935
1852664939 -741156934
1852664939 -741156933
1852664939 -741156932
1852664939 -741156931
1852664939 -741156930
1852664939 -741156929
1852664939 -741156928
1852664939 -741156927
1852664939 -741156926
1852664939 -741156925
1852664939 -741156924
1852664939 -741156923
1852664939 -741156922
1852664939 -741156921
1852664939 -741156920
1852664939 -741156919
1852664939 -741156918
1852664939 -741156917
1852664939 -741156916
1852664939 -741156915
1852664939 -741156914
1852664939 -741156913
1852664939 -741156912
1852664939 -741156911
1852664939 -741156910
1852664939 -741156909
1852664939 -741156908
1852664939 -741156907
1852664939 -741156906
1852664939 -741156905
1852664939 -741156904
1852664939 -741156903
1852664939 -741156902
1852664939 -741156901
1852664939 -741156900
1852664939 -741156899
1852664939 -741156898
1852664939 -741156897
1852664939 -741156896
1852664939 -741156895
1852664939 -741156894
1852664939 -741156893
1852664939 -741156892
1852664939 -741156891
1852664939 -741156890
1852664939 -741156889
1852664939 -741156888
1852664939 -741156887
1852664939 -741156886
1852664939 -741156885
1852664939 -741156884
1852664939 -741156883
1852664939 -741156882
1852664939 -741156881
1852664939 -741156880
1852664939 -741156879
1852664939 -741156878
1852664939 -741156877
1852664939 -741156876
1852664939 -741156875
1852664939 -741156874
1852664939 -741156873
1852664939 -741156872
1852664939 -741156871
1852664939 -741156870
1852664939 -741156869
1852664939 -741156868
1852664939 -741156867
1852664939 -741156866
1852664939 -741156865
1852664939 -741156864
1852664939 -741156863
1852664939 -741156862
1852664939 -741156861
1852664939 -741156860
1852664939 -741156859
1852664939 -741156858
1852664939 -741156857
1852664939 -741156856
1852664939 -741156855
1852664939 -741156854
1852664939 -741156853
1852664939 -741156852
1852664939 -741156851
1852664939 -741156850
1852664939 -741156849
1852664939 -741156848
1852664939 -741156847
1852664939 -741156846
1852664939 -741156845
1852664939 -741156844
1852664939 -741156843
1852664939 -741156842
1852664939 -741156841
1852664939 -741156840
1852664939 -741156839
1852664939 -741156838
1852664939 -741156837
1852664939 -741156836
1852664939 -741156835
1852664939 -741156834
1852664939 -741156833
1852664939 -741156832
1852664939 -741156831
1852664939 -741156830
1852664939 -741156829
1852664939 -741156828
1852664939 -741156827
1852664939 -741156826
1852664939 -741156825
1852664939 -741156824
1852664939 -741156823
1852664939 -741156822
1852664939 -741156821
1852664939 -741156820
1852664939 -741156819
1852664939 -741156818
1852664939 -741156817
1852664939 -741156816
1852664939 -741156815
1852664939 -741156814
1852664939 -741156813
1852664939 -741156812
1852664939 -741156811
1852664939 -741156810
1852664939 -741156809
1852664939 -741156808
1852664939 -741156807
1852664939 -741156806
1852664939 -741156805
1852664939 -741156804
1852664939 -741156803
1852664939 -741156802
1852664939 -741156801
1852664939 -741156800
1852664939 -741156799
1852664939 -741156798
1852664939 -741156797
1852664939 -741156796
1852664939 -741156795
1852664939 -741156794
1852664939 -741156793
1852664939 -741156792
1852664939 -741156791
1852664939 -741156790
1852664939 -741156789
1852664939 -741156788
1852664939 -741156787
1852664939 -741156786
1852664939 -741156785
1852664939 -741156784
1852664939 -741156783
1852664939 -741156782
1852664939 -741156781
1852664939 -741156780
1852664939 -741156779
1852664939 -741156778
1852664939 -741156777
1852664939 -741156776
1852664939 -741156775
1852664939 -741156774
1852664939 -741156773
1852664939 -741156772
1852664939 -741156771
1852664939 -741156770
1852664939 -741156769
1852664939 -741156768
1852664939 -741156767
1852664939 -741156766
1852664939 -741156765
1852664939 -741156764
1852664939 -741156763
1852664939 -741156762
1852664939 -741156761
1852664939 -741156760
1852664939 -741156759
1852664939 -741156758
1852664939 -741156757
1852664939 -741156756
1852664939 -741156755
1852664939 -741156754
1852664939 -741156753
1852664939 -741156752
1852664939 -741156751
1852664939 -741156750
1852664939 -741156749
1852664939 -741156748
1852664939 -741156747
1852664939 -741156746
1852664939 -741156745
1852664939 -741156744
1852664939 -741156743
1852664939 -741156742
1852664939 -741156741
1852664939 -741156740
1852664939 -741156739
1852664939 -741156738
1852664939 -741156737
1852664939 -741156736
1852664939 -741156735
1852664939 -741156734
1852664939 -741156733
1852664939 -741156732
1852664939 -741156731
1852664939 -741156730
1852664939 -741156729
1852664939 -741156728
1852664939 -741156727
1852664939 -741156726
1852664939 -741156725
1852664939 -741156724
1852664939 -741156723
1852664939 -741156722
1852664939 -741156721
1852664939 -741156720
1852664939 -741156719
1852664939 -741156718
1852664939 -741156717
1852664939 -741156716
1852664939 -741156715
1852664939 -741156714
1852664939 -741156713
1852664939 -741156712
1852664939 -741156711
1852664939 -741156710
1852664939 -741156709
1852664939 -741156708
1852664939 -741156707
1852664939 -741156706
1852664939 -741156705
1852664939 -741156704
1852664939 -741156703
1852664939 -741156702
1852664939 -741156701
1852664939 -741156700
1852664939 -741156699
1852664939 -741156698
1852664939 -741156697
1852664939 -741156696
1852664939 -741156695
1852664939 -741156694
1852664939 -741156693
1852664939 -741156692
1852664939 -741156691
1852664939 -741156690
1852664939 -741156689
1852664939 -741156688
1852664939 -741156687
1852664939 -741156686
1852664939 -741156685
1852664939 -741156684
1852664939 -741156683
1852664939 -741156682
1852664939 -741156681
1852664939 -741156680
1852664939 -741156679
1852664939 -741156678
1852664939 -741156677
1852664939 -741156676
1852664939 -741156675
1852664939 -741156674
1852664939 -741156673
1852664939 -741156672
1852664939 -741156671
1852664939 -741156670
1852664939 -741156669
1852664939 -741156668
1852664939 -741156667
1852664939 -741156666
1852664939 -741156665
1852664939 -741156664
1852664939 -741156663
1852664939 -741156662
1852664939 -741156661
1852664939 -741156660
1852664939 -741156659
1852664939 -741156658
1852664939 -741156657
1852664939 -741156656
1852664939 -741156655
1852664939 -741156654
1852664939 -741156653
1852664939 -741156652
1852664939 -741156651
1852664939 -741156650
1852664939 -741156649
1852664939 -741156648
1852664939 -741156647
1852664939 -741156646
1852664939 -741156645
1852664939 -741156644
1852664939 -741156643
1852664939 -741156642
1852664939 -741156641
1852664939 -741156640
1852664939 -741156639
1852664939 -741156638
1852664939 -741156637
1852664939 -741156636
1852664939 -741156635
1852664939 -741156634
1852664939 -741156633
1852664939 -741156632
1852664939 -741156631
1852664939 -741156630
1852664939 -741156629
1852664939 -741156628
1852664939 -741156627
1852664939 -741156626
1852664939 -741156625
1852664939 -741156624
1852664939 -741156623
1852664939 -741156622
1852664939 -741156621
1852664939 -741156620
1852664939 -741156619
1852664939 -741156618
1852664939 -741156617
1852664939 -741156616
1852664939 -741156615
1852664939 -741156614
1852664939 -741156613
1852664939 -741156612
1852664939 -741156611
1852664939 -741156610
1852664939 -741156609
1852664939 -741156608
1852664939 -741156607
1852664939 -741156606
1852664939 -741156605
1852664939 -741156604
1852664939 -741156603
1852664939 -741156602
1852664939 -741156601
1852664939 -741156600
1852664939 -741156599
1852664939 -741156598
1852664939 -741156597
1852664939 -741156596
1852664939 -741156595
1852664939 -741156594
1852664939 -741156593
1852664939 -741156592
1852664939 -741156591
1852664939 -741156590
1852664939 -741156589
1852664939 -741156588
1852664939 -741156587
1852664939 -741156586
1852664939 -741156585
1852664939 -741156584
1852664939 -741156583
1852664939 -741156582
1852664939 -741156581
1852664939 -741156580
1852664939 -741156579
1852664939 -741156578
1852664939 -741156577
1852664939 -741156576
1852664939 -741156575
1852664939 -741156574
1852664939 -741156573
1852664939 -741156572
1852664939 -741156571
1852664939 -741156570
1852664939 -741156569
1852664939 -741156568
1852664939 -741156567
1852664939 -741156566
1852664939 -741156565
1852664939 -741156564
1852664939 -741156563
1852664939 -741156562
1852664939 -741156561
1852664939 -741156560
1852664939 -741156559
1852664939 -741156558
1852664939 -741156557
1852664939 -741156556
1852664939 -741156555
1852664939 -741156554
1852664939 -741156553
1852664939 -741156552
1852664939 -741156551
1852664939 -741156550
1852664939 -741156549
1852664939 -741156548
1852664939 -741156547
1852664939 -741156546
1852664939 -741156545
1852664939 -741156544
1852664939 -741156543
1852664939 -741156542
1852664939 -741156541
1852664939 -741156540
1852664939 -741156539
1852664939 -741156538
1852664939 -741156537
1852664939 -741156536
1852664939 -741156535
1852664939 -741156534
1852664939 -741156533
1852664939 -741156532
1852664939 -741156531
1852664939 -741156530
1852664939 -741156529
1852664939 -741156528
1852664939 -741156527
1852664939 -741156526
1852664939 -741156525
1852664939 -741156524
1852664939 -741156523
1852664939 -741156522
1852664939 -741156521
1852664939 -741156520
1852664939 -741156519
1852664939 -741156518
1852664939 -741156517
1852664939 -741156516
1852664939 -741156515
1852664939 -741156514
1852664939 -741156513
1852664939 -741156512
1852664939 -741156511
1852664939 -741156510
1852664939 -741156509
1852664939 -741156508
1852664939 -741156507
1852664939 -741156506
1852664939 -741156505
1852664939 -741156504
1852664939 -741156503
1852664939 -741156502
1852664939 -741156501
1852664939 -741156500
1852664939 -741156499
1852664939 -741156498
1852664939 -741156497
1852664939 -741156496
1852664939 -741156495
1852664939 -741156494
1852664939 -741156493
1852664939 -741156492
1852664939 -741156491
1852664939 -741156490
1852664939 -741156489
1852664939 -741156488
1852664939 -741156487
1852664939 -741156486
1852664939 -741156485
1852664939 -741156484
1852664939 -741156483
1852664939 -741156482
1852664939 -741156481
1852664939 -741156480
1852664939 -741156479
1852664939 -741156478
1852664939 -741156477
1852664939 -741156476
1852664939 -741156475
1852664939 -741156474
1852664939 -741156473
1852664939 -741156472
1852664939 -741156471
1852664939 -741156470
1852664939 -741156469
1852664939 -741156468
1852664939 -741156467
1852664939 -741156466
1852664939 -741156465
1852664939 -741156464
1852664939 -741156463
1852664939 -741156462
1852664939 -741156461
1852664939 -741156460
1852664939 -741156459
1852664939 -741156458
1852664939 -741156457
1852664939 -741156456
1852664939 -741156455
1852664939 -741156454
1852664939 -741156453
1852664939 -741156452
1852664939 -741156451
1852664939 -741156450
1852664939 -741156449
1852664939 -741156448
1852664939 -741156447
1852664939 -741156446
1852664939 -741156445
1852664939 -741156444
1852664939 -741156443
1852664939 -741156442
1852664939 -741156441
1852664939 -741156440
1852664939 -741156439
1852664939 -741156438
1852664939 -741156437
1852664939 -741156436
1852664939 -741156435
1852664939 -741156434
1852664939 -741156433
1852664939 -741156432
1852664939 -741156431
1852664939 -741156430
1852664939 -741156429
1852664939 -741156428
1852664939 -741156427
1852664939 -741156426
1852664939 -741156425
1852664939 -741156424
1852664939 -741156423
1852664939 -741156422
1852664939 -741156421
1852664939 -741156420
1852664939 -741156419
1852664939 -741156418
1852664939 -741156417
1852664939 -741156416
1852664939 -741156415
1852664939 -741156414
1852664939 -741156413
1852664939 -741156412
1852664939 -741156411
1852664939 -741156410
1852664939 -741156409
1852664939 -741156408
1852664939 -741156407
1852664939 -741156406
1852664939 -741156405
1852664939 -741156404
1852664939 -741156403
1852664939 -741156402
1852664939 -741156401
1852664939 -741156400
1852664939 -741156399
1852664939 -741156398
1852664939 -741156397
1852664939 -741156396
1852664939 -741156395
1852664939 -741156394
1852664939 -741156393
1852664939 -741156392
1852664939 -741156391
1852664939 -741156390
1852664939 -741156389
1852664939 -741156388
1852664939 -741156387
1852664939 -741156386
1852664939 -741156385
1852664939 -741156384
1852664939 -741156383
1852664939 -741156382
1852664939 -741156381
1852664939 -741156380
1852664939 -741156379
1852664939 -741156378
1852664939 -741156377
1852664939 -741156376
1852664939 -741156375
1852664939 -741156374
1852664939 -741156373
1852664939 -741156372
1852664939 -741156371
1852664939 -741156370
1852664939 -741156369
1852664939 -741156368
1852664939 -741156367
1852664939 -741156366
1852664939 -741156365
1852664939 -741156364
1852664939 -741156363
1852664939 -741156362
1852664939 -741156361
1852664939 -741156360
1852664939 -741156359
1852664939 -741156358
1852664939 -741156357
1852664939 -741156356
1852664939 -741156355
1852664939 -741156354
1852664939 -741156353
1852664939 -741156352
1852664939 -741156351
1852664939 -741156350
1852664939 -741156349
1852664939 -741156348
1852664939 -741156347
1852664939 -741156346
1852664939 -741156345
1852664939 -741156344
1852664939 -741156343
1852664939 -741156342
1852664939 -741156341
1852664939 -741156340
1852664939 -741156339
1852664939 -741156338
1852664939 -741156337
1852664939 -741156336
1852664939 -741156335
1852664939 -741156334
1852664939 -741156333
1852664939 -741156332
1852664939 -741156331
1852664939 -741156330
1852664939 -741156329
1852664939 -741156328
1852664939 -741156327
1852664939 -741156326
1852664939 -741156325
1852664939 -741156324
1852664939 -741156323
1852664939 -741156322
1852664939 -741156321
1852664939 -741156320
1852664939 -741156319
1852664939 -741156318
1852664939 -741156317
1852664939 -741156316
1852664939 -741156315
1852664939 -741156314
1852664939 -741156313
1852664939 -741156312
1852664939 -741156311
1852664939 -741156310
1852664939 -741156309
1852664939 -741156308
1852664939 -741156307
1852664939 -741156306
1852664939 -741156305
1852664939 -741156304
1852664939 -741156303
1852664939 -741156302
1852664939 -741156301
1852664939 -741156300
1852664939 -741156299
1852664939 -741156298
1852664939 -741156297
1852664939 -741156296
1852664939 -741156295
1852664939 -741156294
1852664939 -741156293
1852664939 -741156292
1852664939 -741156291
1852664939 -741156290
1852664939 -741156289
1852664939 -741156288
1852664939 -741156287
1852664939 -741156286
1852664939 -741156285
1852664939 -741156284
1852664939 -741156283
1852664939 -741156282
1852664939 -741156281
1852664939 -741156280
1852664939 -741156279
1852664939 -741156278
1852664939 -741156277
1852664939 -741156276
1852664939 -741156275
1852664939 -741156274
1852664939 -741156273
1852664939 -741156272
1852664939 -741156271
1852664939 -741156270
1852664939 -741156269
1852664939 -741156268
1852664939 -741156267
1852664939 -741156266
1852664939 -741156265
1852664939 -741156264
1852664939 -741156263
1852664939 -741156262
1852664939 -741156261
1852664939 -741156260
1852664939 -741156259
1852664939 -741156258
1852664939 -741156257
1852664939 -741156256
1852664939 -741156255
1852664939 -741156254
1852664939 -741156253
1852664939 -741156252
1852664939 -741156251
1852664939 -741156250
1852664939 -741156249
1852664939 -741156248
1852664939 -741156247
1852664939 -741156246
1852664939 -741156245
1852664939 -741156244
1852664939 -741156243
1852664939 -741156242
1852664939 -741156241
1852664939 -741156240
1852664939 -741156239
1852664939 -741156238
1852664939 -741156237
1852664939 -741156236
1852664939 -741156235
1852664939 -741156234
1852664939 -741156233
1852664939 -741156232
1852664939 -741156231
1852664939 -741156230
1852664939 -741156229
1852664939 -741156228
1852664939 -741156227
1852664939 -741156226
1852664939 -741156225
1852664939 -741156224
1852664939 -741156223
1852664939 -741156222
1852664939 -741156221
1852664939 -741156220
1852664939 -741156219
1852664939 -741156218
1852664939 -741156217
1852664939 -741156216
1852664939 -741156215
1852664939 -741156214
1852664939 -741156213
1852664939 -741156212
1852664939 -741156211
1852664939 -741156210
1852664939 -741156209
1852664939 -741156208
1852664939 -741156207
1852664939 -741156206
1852664939 -741156205
1852664939 -741156204
1852664939 -741156203
1852664939 -741156202
1852664939 -741156201
1852664939 -741156200
1852664939 -741156199
1852664939 -741156198
1852664939 -741156197
1852664939 -741156196
1852664939 -741156195
1852664939 -741156194
1852664939 -741156193
1852664939 -741156192
1852664939 -741156191
1852664939 -741156190
1852664939 -741156189
1852664939 -741156188
1852664939 -741156187
1852664939 -741156186
1852664939 -741156185
1852664939 -741156184
1852664939 -741156183
1852664939 -741156182
1852664939 -741156181
1852664939 -741156180
1852664939 -741156179
1852664939 -741156178
1852664939 -741156177
1852664939 -741156176
1852664939 -741156175
1852664939 -741156174
1852664939 -741156173
1852664939 -741156172
1852664939 -741156171
1852664939 -741156170
1852664939 -741156169
1852664939 -741156168
1852664939 -741156167
1852664939 -741156166
1852664939 -741156165
1852664939 -741156164
1852664939 -741156163
1852664939 -741156162
1852664939 -741156161
1852664939 -741156160
1852664939 -741156159
1852664939 -741156158
1852664939 -741156157
1852664939 -741156156
1852664939 -741156155
1852664939 -741156154
1852664939 -741156153
1852664939 -741156152
1852664939 -741156151
1852664939 -741156150
1852664939 -741156149
1852664939 -741156148
1852664939 -741156147
1852664939 -741156146
1852664939 -741156145
1852664939 -741156144
1852664939 -741156143
1852664939 -741156142
1852664939 -741156141
1852664939 -741156140
1852664939 -741156139
1852664939 -741156138
1852664939 -741156137
1852664939 -741156136
1852664939 -741156135
1852664939 -741156134
1852664939 -741156133
1852664939 -741156132
1852664939 -741156131
1852664939 -741156130
1852664939 -741156129
1852664939 -741156128
1852664939 -741156127
1852664939 -741156126
1852664939 -741156125
1852664939 -741156124
1852664939 -741156123
1852664939 -741156122
1852664939 -741156121
1852664939 -741156120
1852664939 -741156119
1852664939 -741156118
1852664939 -741156117
1852664939 -741156116
1852664939 -741156115
1852664939 -741156114
1852664939 -741156113
1852664939 -741156112
1852664939 -741156111
1852664939 -741156110
1852664939 -741156109
1852664939 -741156108
1852664939 -741156107
1852664939 -741156106
1852664939 -741156105
1852664939 -741156104
1852664939 -741156103
1852664939 -741156102
1852664939 -741156101
1852664939 -741156100
1852664939 -741156099
1852664939 -741156098
1852664939 -741156097
1852664939 -741156096
1852664939 -741156095
1852664939 -741156094
1852664939 -741156093
1852664939 -741156092
1852664939 -741156091
1852664939 -741156090
1852664939 -741156089
1852664939 -741156088
1852664939 -741156087
1852664939 -741156086
1852664939 -741156085
1852664939 -741156084
1852664939 -741156083
1852664939 -741156082
1852664939 -741156081
1852664939 -741156080
1852664939 -741156079
1852664939 -741156078
1852664939 -741156077
1852664939 -741156076
1852664939 -741156075
1852664939 -741156074
1852664939 -741156073
1852664939 -741156072
1852664939 -741156071
1852664939 -741156070
1852664939 -741156069
1852664939 -741156068
1852664939 -741156067
1852664939 -741156066
1852664939 -741156065
1852664939 -741156064
1852664939 -741156063
1852664939 -741156062
1852664939 -741156061
1852664939 -741156060
1852664939 -741156059
1852664939 -741156058
1852664939 -741156057
1852664939 -741156056
1852664939 -741156055
1852664939 -741156054
1852664939 -741156053
1852664939 -741156052
1852664939 -741156051
1852664939 -741156050
1852664939 -741156049
1852664939 -741156048
1852664939 -741156047
1852664939 -741156046
1852664939 -741156045
1852664939 -741156044
1852664939 -741156043
1852664939 -741156042
1852664939 -741156041
1852664939 -741156040
1852664939 -741156039
1852664939 -741156038
1852664939 -741156037
1852664939 -741156036
1852664939 -741156035
1852664939 -741156034
1852664939 -741156033
1852664939 -741156032
1852664939 -741156031
1852664939 -741156030
1852664939 -741156029
1852664939 -741156028
1852664939 -741156027
1852664939 -741156026
1852664939 -741156025
1852664939 -741156024
1852664939 -741156023
1852664939 -741156022
1852664939 -741156021
1852664939 -741156020
1852664939 -741156019
1852664939 -741156018
1852664939 -741156017
1852664939 -741156016
1852664939 -741156015
1852664939 -741156014
1852664939 -741156013
1852664939 -741156012
1852664939 -741156011
1852664939 -741156010
1852664939 -741156009
1852664939 -741156008
1852664939 -741156007
1852664939 -741156006
1852664939 -741156005
1852664939 -741156004
1852664939 -741156003
1852664939 -741156002
1852664939 -741156001
1852664939 -741156000
1852664939 -741155999
1852664939 -741155998
1852664939 -741155997
1852664939 -741155996
1852664939 -741155995
1852664939 -741155994
1852664939 -741155993
1852664939 -741155992
1852664939 -741155991
1852664939 -741155990
1852664939 -741155989
1852664939 -741155988
1852664939 -741155987
1852664939 -741155986
1852664939 -741155985
1852664939 -741155984
1852664939 -741155983
1852664939 -741155982
1852664939 -741155981
1852664939 -741155980
1852664939 -741155979
1852664939 -741155978
1852664939 -741155977
1852664939 -741155976
1852664939 -741155975
1852664939 -741155974
1852664939 -741155973
1852664939 -741155972
1852664939 -741155971
1852664939 -741155970
1852664939 -741155969
1852664939 -741155968
1852664939 -741155967
1852664939 -741155966
1852664939 -741155965
1852664939 -741155964
1852664939 -741155963
1852664939 -741155962
1852664939 -741155961
1852664939 -741155960
1852664939 -741155959
1852664939 -741155958
1852664939 -741155957
1852664939 -741155956
1852664939 -741155955
1852664939 -741155954
1852664939 -741155953
1852664939 -741155952
1852664939 -741155951
1852664939 -741155950
1852664939 -741155949
1852664939 -741155948
1852664939 -741155947
1852664939 -741155946
1852664939 -741155945
1852664939 -741155944
1852664939 -741155943
1852664939 -741155942
1852664939 -741155941
1852664939 -741155940
1852664939 -741155939
1852664939 -741155938
1852664939 -741155937
1852664939 -741155936
1852664939 -741155935
1852664939 -741155934
1852664939 -741155933
1852664939 -741155932
1852664939 -741155931
1852664939 -741155930
1852664939 -741155929
1852664939 -741155928
1852664939 -741155927
1852664939 -741155926
1852664939 -741155925
1852664939 -741155924
1852664939 -741155923
1852664939 -741155922
1852664939 -741155921
1852664939 -741155920
1852664939 -741155919
1852664939 -741155918
1852664939 -741155917
1852664939 -741155916
1852664939 -741155915
1852664939 -741155914
1852664939 -741155913
1852664939 -741155912
1852664939 -741155911
1852664939 -741155910
1852664939 -741155909
1852664939 -741155908
1852664939 -741155907
1852664939 -741155906
1852664939 -741155905
1852664939 -741155904
1852664939 -741155903
1852664939 -741155902
1852664939 -741155901
1852664939 -741155900
1852664939 -741155899
1852664939 -741155898
1852664939 -741155897
1852664939 -741155896
1852664939 -741155895
1852664939 -741155894
1852664939 -741155893
1852664939 -741155892
1852664939 -741155891
1852664939 -741155890
1852664939 -741155889
1852664939 -741155888
1852664939 -741155887
1852664939 -741155886
1852664939 -741155885
1852664939 -741155884
1852664939 -741155883
1852664939 -741155882
1852664939 -741155881
1852664939 -741155880
1852664939 -741155879
1852664939 -741155878
1852664939 -741155877
1852664939 -741155876
1852664939 -741155875
1852664939 -741155874
1852664939 -741155873
1852664939 -741155872
1852664939 -741155871
1852664939 -741155870
1852664939 -741155869
1852664939 -741155868
1852664939 -741155867
1852664939 -741155866
1852664939 -741155865
1852664939 -741155864
1852664939 -741155863
1852664939 -741155862
1852664939 -741155861
1852664939 -741155860
1852664939 -741155859
1852664939 -741155858
1852664939 -741155857
1852664939 -741155856
1852664939 -741155855
1852664939 -741155854
1852664939 -741155853
1852664939 -741155852
1852664939 -741155851
1852664939 -741155850
1852664939 -741155849
1852664939 -741155848
1852664939 -741155847
1852664939 -741155846
1852664939 -741155845
1852664939 -741155844
1852664939 -741155843
1852664939 -741155842
1852664939 -741155841
1852664939 -741155840
1852664939 -741155839
1852664939 -741155838
1852664939 -741155837
1852664939 -741155836
1852664939 -741155835
1852664939 -741155834
1852664939 -741155833
1852664939 -741155832
1852664939 -741155831
1852664939 -741155830
1852664939 -741155829
1852664939 -741155828
1852664939 -741155827
1852664939 -741155826
1852664939 -741155825
1852664939 -741155824
1852664939 -741155823
1852664939 -741155822
1852664939 -741155821
1852664939 -741155820
1852664939 -741155819
1852664939 -741155818
1852664939 -741155817
1852664939 -741155816
1852664939 -741155815
1852664939 -741155814
1852664939 -741155813
1852664939 -741155812
1852664939 -741155811
1852664939 -741155810
1852664939 -741155809
1852664939 -741155808
1852664939 -741155807
1852664939 -741155806
1852664939 -741155805
1852664939 -741155804
1852664939 -741155803
1852664939 -741155802
1852664939 -741155801
1852664939 -741155800
1852664939 -741155799
1852664939 -741155798
1852664939 -741155797
1852664939 -741155796
1852664939 -741155795
1852664939 -741155794
1852664939 -741155793
1852664939 -741155792
1852664939 -741155791
1852664939 -741155790
1852664939 -741155789
1852664939 -741155788
1852664939 -741155787
1852664939 -741155786
1852664939 -741155785
1852664939 -741155784
1852664939 -741155783
1852664939 -741155782
1852664939 -741155781
1852664939 -741155780
1852664939 -741155779
1852664939 -741155778
1852664939 -741155777
1852664939 -741155776
1852664939 -741155775
1852664939 -741155774
1852664939 -741155773
1852664939 -741155772
1852664939 -741155771
1852664939 -741155770
1852664939 -741155769
1852664939 -741155768
1852664939 -741155767
1852664939 -741155766
1852664939 -741155765
1852664939 -741155764
1852664939 -741155763
1852664939 -741155762
1852664939 -741155761
1852664939 -741155760
1852664939 -741155759
1852664939 -741155758
1852664939 -741155757
1852664939 -741155756
1852664939 -741155755
1852664939 -741155754
1852664939 -741155753
1852664939 -741155752
1852664939 -741155751
1852664939 -741155750
1852664939 -741155749
1852664939 -741155748
1852664939 -741155747
1852664939 -741155746
1852664939 -741155745
1852664939 -741155744
1852664939 -741155743
1852664939 -741155742
1852664939 -741155741
1852664939 -741155740
1852664939 -741155739
1852664939 -741155738
1852664939 -741155737
1852664939 -741155736
1852664939 -741155735
1852664939 -741155734
1852664939 -741155733
1852664939 -741155732
1852664939 -741155731
1852664939 -741155730
1852664939 -741155729
1852664939 -741155728
1852664939 -741155727
1852664939 -741155726
1852664939 -741155725
1852664939 -741155724
1852664939 -741155723
1852664939 -741155722
1852664939 -741155721
1852664939 -741155720
1852664939 -741155719
1852664939 -741155718
1852664939 -741155717
1852664939 -741155716
1852664939 -741155715
1852664939 -741155714
1852664939 -741155713
1852664939 -741155712
1852664939 -741155711
1852664939 -741155710
1852664939 -741155709
1852664939 -741155708
1852664939 -741155707
1852664939 -741155706
1852664939 -741155705
1852664939 -741155704
1852664939 -741155703
1852664939 -741155702
1852664939 -741155701
1852664939 -741155700
1852664939 -741155699
1852664939 -741155698
1852664939 -741155697
1852664939 -741155696
1852664939 -741155695
1852664939 -741155694
1852664939 -741155693
1852664939 -741155692
1852664939 -741155691
1852664939 -741155690
1852664939 -741155689
1852664939 -741155688
1852664939 -741155687
1852664939 -741155686
1852664939 -741155685
1852664939 -741155684
1852664939 -741155683
1852664939 -741155682
1852664939 -741155681
1852664939 -741155680
1852664939 -741155679
1852664939 -741155678
1852664939 -741155677
1852664939 -741155676
1852664939 -741155675
1852664939 -741155674
1852664939 -741155673
1852664939 -741155672
1852664939 -741155671
1852664939 -741155670
1852664939 -741155669
1852664939 -741155668
1852664939 -741155667
1852664939 -741155666
1852664939 -741155665
1852664939 -741155664
1852664939 -741155663
1852664939 -741155662
1852664939 -741155661
1852664939 -741155660
1852664939 -741155659
1852664939 -741155658
1852664939 -741155657
1852664939 -741155656
1852664939 -741155655
1852664939 -741155654
1852664939 -741155653
1852664939 -741155652
1852664939 -741155651
1852664939 -741155650
1852664939 -741155649
1852664939 -741155648
1852664939 -741155647
1852664939 -741155646
1852664939 -741155645
1852664939 -741155644
1852664939 -741155643
1852664939 -741155642
1852664939 -741155641
1852664939 -741155640
1852664939 -741155639
1852664939 -741155638
1852664939 -741155637
1852664939 -741155636
1852664939 -741155635
1852664939 -741155634
1852664939 -741155633
1852664939 -741155632
1852664939 -741155631
1852664939 -741155630
1852664939 -741155629
1852664939 -741155628
1852664939 -741155627
1852664939 -741155626
1852664939 -741155625
1852664939 -741155624
1852664939 -741155623
1852664939 -741155622
1852664939 -741155621
1852664939 -741155620
1852664939 -741155619
1852664939 -741155618
1852664939 -741155617
1852664939 -741155616
1852664939 -741155615
1852664939 -741155614
1852664939 -741155613
1852664939 -741155612
1852664939 -741155611
1852664939 -741155610
1852664939 -741155609
1852664939 -741155608
1852664939 -741155607
1852664939 -741155606
1852664939 -741155605
1852664939 -741155604
1852664939 -741155603
1852664939 -741155602
1852664939 -741155601
1852664939 -741155600
1852664939 -741155599
1852664939 -741155598
1852664939 -741155597
1852664939 -741155596
1852664939 -741155595
1852664939 -741155594
1852664939 -741155593
1852664939 -741155592
1852664939 -741155591
1852664939 -741155590
1852664939 -741155589
1852664939 -741155588
1852664939 -741155587
1852664939 -741155586
1852664939 -741155585
1852664939 -741155584
1852664939 -741155583
1852664939 -741155582
1852664939 -741155581
1852664939 -741155580
1852664939 -741155579
1852664939 -741155578
1852664939 -741155577
1852664939 -741155576
1852664939 -741155575
1852664939 -741155574
1852664939 -741155573
1852664939 -741155572
1852664939 -741155571
1852664939 -741155570
1852664939 -741155569
1852664939 -741155568
1852664939 -741155567
1852664939 -741155566
1852664939 -741155565
1852664939 -741155564
1852664939 -741155563
1852664939 -741155562
1852664939 -741155561
1852664939 -741155560
1852664939 -741155559
1852664939 -741155558
1852664939 -741155557
1852664939 -741155556
1852664939 -741155555
1852664939 -741155554
1852664939 -741155553
1852664939 -741155552
1852664939 -741155551
1852664939 -741155550
1852664939 -741155549
1852664939 -741155548
1852664939 -741155547
1852664939 -741155546
1852664939 -741155545
1852664939 -741155544
1852664939 -741155543
1852664939 -741155542
1852664939 -741155541
1852664939 -741155540
1852664939 -741155539
1852664939 -741155538
1852664939 -741155537
1852664939 -741155536
1852664939 -741155535
1852664939 -741155534
1852664939 -741155533
1852664939 -741155532
1852664939 -741155531
1852664939 -741155530
1852664939 -741155529
1852664939 -741155528
1852664939 -741155527
1852664939 -741155526
1852664939 -741155525
1852664939 -741155524
1852664939 -741155523
1852664939 -741155522
1852664939 -741155521
1852664939 -741155520
1852664939 -741155519
1852664939 -741155518
1852664939 -741155517
1852664939 -741155516
1852664939 -741155515
1852664939 -741155514
1852664939 -741155513
1852664939 -741155512
1852664939 -741155511
1852664939 -741155510
1852664939 -741155509
1852664939 -741155508
1852664939 -741155507
1852664939 -741155506
1852664939 -741155505
1852664939 -741155504
1852664939 -741155503
1852664939 -741155502
1852664939 -741155501
1852664939 -741155500
1852664939 -741155499
1852664939 -741155498
1852664939 -741155497
1852664939 -741155496
1852664939 -741155495
1852664939 -741155494
1852664939 -741155493
1852664939 -741155492
1852664939 -741155491
1852664939 -741155490
1852664939 -741155489
1852664939 -741155488
1852664939 -741155487
1852664939 -741155486
1852664939 -741155485
1852664939 -741155484
1852664939 -741155483
1852664939 -741155482
1852664939 -741155481
1852664939 -741155480
1852664939 -741155479
1852664939 -741155478
1852664939 -741155477
1852664939 -741155476
1852664939 -741155475
1852664939 -741155474
1852664939 -741155473
1852664939 -741155472
1852664939 -741155471
1852664939 -741155470
1852664939 -741155469
1852664939 -741155468
1852664939 -741155467
1852664939 -741155466
1852664939 -741155465
1852664939 -741155464
1852664939 -741155463
1852664939 -741155462
1852664939 -741155461
1852664939 -741155460
1852664939 -741155459
1852664939 -741155458
1852664939 -741155457
1852664939 -741155456
1852664939 -741155455
1852664939 -741155454
1852664939 -741155453
1852664939 -741155452
1852664939 -741155451
1852664939 -741155450
1852664939 -741155449
1852664939 -741155448
1852664939 -741155447
1852664939 -741155446
1852664939 -741155445
1852664939 -741155444
1852664939 -741155443
1852664939 -741155442
1852664939 -741155441
1852664939 -741155440
1852664939 -741155439
1852664939 -741155438
1852664939 -741155437
1852664939 -741155436
1852664939 -741155435
1852664939 -741155434
1852664939 -741155433
1852664939 -741155432
1852664939 -741155431
1852664939 -741155430
1852664939 -741155429
1852664939 -741155428
1852664939 -741155427
1852664939 -741155426
1852664939 -741155425
1852664939 -741155424
1852664939 -741155423
1852664939 -741155422
1852664939 -741155421
1852664939 -741155420
1852664939 -741155419
1852664939 -741155418
1852664939 -741155417
1852664939 -741155416
1852664939 -741155415
1852664939 -741155414
1852664939 -741155413
1852664939 -741155412
1852664939 -741155411
1852664939 -741155410
1852664939 -741155409
1852664939 -741155408
1852664939 -741155407
1852664939 -741155406
1852664939 -741155405
1852664939 -741155404
1852664939 -741155403
1852664939 -741155402
1852664939 -741155401
1852664939 -741155400
1852664939 -741155399
1852664939 -741155398
1852664939 -741155397
1852664939 -741155396
1852664939 -741155395
1852664939 -741155394
1852664939 -741155393
1852664939 -741155392
1852664939 -741155391
1852664939 -741155390
1852664939 -741155389
1852664939 -741155388
1852664939 -741155387
1852664939 -741155386
1852664939 -741155385
1852664939 -741155384
1852664939 -741155383
1852664939 -741155382
1852664939 -741155381
1852664939 -741155380
1852664939 -741155379
1852664939 -741155378
1852664939 -741155377
1852664939 -741155376
1852664939 -741155375
1852664939 -741155374
1852664939 -741155373
1852664939 -741155372
1852664939 -741155371
1852664939 -741155370
1852664939 -741155369
1852664939 -741155368
1852664939 -741155367
1852664939 -741155366
1852664939 -741155365
1852664939 -741155364
1852664939 -741155363
1852664939 -741155362
1852664939 -741155361
1852664939 -741155360
1852664939 -741155359
1852664939 -741155358
1852664939 -741155357
1852664939 -741155356
1852664939 -741155355
1852664939 -741155354
1852664939 -741155353
1852664939 -741155352
1852664939 -741155351
1852664939 -741155350
1852664939 -741155349
1852664939 -741155348
1852664939 -741155347
1852664939 -741155346
1852664939 -741155345
1852664939 -741155344
1852664939 -741155343
1852664939 -741155342
1852664939 -741155341
1852664939 -741155340
1852664939 -741155339
1852664939 -741155338
1852664939 -741155337
1852664939 -741155336
1852664939 -741155335
1852664939 -741155334
1852664939 -741155333
1852664939 -741155332
1852664939 -741155331
1852664939 -741155330
1852664939 -741155329
1852664939 -741155328
1852664939 -741155327
1852664939 -741155326
1852664939 -741155325
1852664939 -741155324
1852664939 -741155323
1852664939 -741155322
1852664939 -741155321
1852664939 -741155320
1852664939 -741155319
1852664939 -741155318
1852664939 -741155317
1852664939 -741155316
1852664939 -741155315
1852664939 -741155314
1852664939 -741155313
1852664939 -741155312
1852664939 -741155311
1852664939 -741155310
1852664939 -741155309
1852664939 -741155308
1852664939 -741155307
1852664939 -741155306
1852664939 -741155305
1852664939 -741155304
1852664939 -741155303
1852664939 -741155302
1852664939 -741155301
1852664939 -741155300
1852664939 -741155299
1852664939 -741155298
1852664939 -741155297
1852664939 -741155296
1852664939 -741155295
1852664939 -741155294
1852664939 -741155293
1852664939 -741155292
1852664939 -741155291
1852664939 -741155290
1852664939 -741155289
1852664939 -741155288
1852664939 -741155287
1852664939 -741155286
1852664939 -741155285
1852664939 -741155284
1852664939 -741155283
1852664939 -741155282
1852664939 -741155281
1852664939 -741155280
1852664939 -741155279
1852664939 -741155278
1852664939 -741155277
1852664939 -741155276
1852664939 -741155275
1852664939 -741155274
1852664939 -741155273
1852664939 -741155272
1852664939 -741155271
1852664939 -741155270
1852664939 -741155269
1852664939 -741155268
1852664939 -741155267
1852664939 -741155266
1852664939 -741155265
1852664939 -741155264
1852664939 -741155263
1852664939 -741155262
1852664939 -741155261
1852664939 -741155260
1852664939 -741155259
1852664939 -741155258
1852664939 -741155257
1852664939 -741155256
1852664939 -741155255
1852664939 -741155254
1852664939 -741155253
1852664939 -741155252
1852664939 -741155251
1852664939 -741155250
1852664939 -741155249
1852664939 -741155248
1852664939 -741155247
1852664939 -741155246
1852664939 -741155245
1852664939 -741155244
1852664939 -741155243
1852664939 -741155242
1852664939 -741155241
1852664939 -741155240
1852664939 -741155239
1852664939 -741155238
1852664939 -741155237
1852664939 -741155236
1852664939 -741155235
1852664939 -741155234
1852664939 -741155233
1852664939 -741155232
1852664939 -741155231
1852664939 -741155230
1852664939 -741155229
1852664939 -741155228
1852664939 -741155227
1852664939 -741155226
1852664939 -741155225
1852664939 -741155224
1852664939 -741155223
1852664939 -741155222
1852664939 -741155221
1852664939 -741155220
1852664939 -741155219
1852664939 -741155218
1852664939 -741155217
1852664939 -741155216
1852664939 -741155215
1852664939 -741155214
1852664939 -741155213
1852664939 -741155212
1852664939 -741155211
1852664939 -741155210
1852664939 -741155209
1852664939 -741155208
1852664939 -741155207
1852664939 -741155206
1852664939 -741155205
1852664939 -741155204
1852664939 -741155203
1852664939 -741155202
1852664939 -741155201
1852664939 -741155200
1852664939 -741155199
1852664939 -741155198
1852664939 -741155197
1852664939 -741155196
1852664939 -741155195
1852664939 -741155194
1852664939 -741155193
1852664939 -741155192
1852664939 -741155191
1852664939 -741155190
1852664939 -741155189
1852664939 -741155188
1852664939 -741155187
1852664939 -741155186
1852664939 -741155185
1852664939 -741155184
1852664939 -741155183
1852664939 -741155182
1852664939 -741155181
1852664939 -741155180
1852664939 -741155179
1852664939 -741155178
1852664939 -741155177
1852664939 -741155176
1852664939 -741155175
1852664939 -741155174
1852664939 -741155173
1852664939 -741155172
1852664939 -741155171
1852664939 -741155170
1852664939 -741155169
1852664939 -741155168
1852664939 -741155167
1852664939 -741155166
1852664939 -741155165
1852664939 -741155164
1852664939 -741155163
1852664939 -741155162
1852664939 -741155161
1852664939 -741155160
1852664939 -741155159
1852664939 -741155158
1852664939 -741155157
1852664939 -741155156
1852664939 -741155155
1852664939 -741155154
1852664939 -741155153
1852664939 -741155152
1852664939 -741155151
1852664939 -741155150
1852664939 -741155149
1852664939 -741155148
1852664939 -741155147
1852664939 -741155146
1852664939 -741155145
1852664939 -741155144
1852664939 -741155143
1852664939 -741155142
1852664939 -741155141
1852664939 -741155140
1852664939 -741155139
1852664939 -741155138
1852664939 -741155137
1852664939 -741155136
1852664939 -741155135
1852664939 -741155134
1852664939 -741155133
1852664939 -741155132
1852664939 -741155131
1852664939 -741155130
1852664939 -741155129
1852664939 -741155128
1852664939 -741155127
1852664939 -741155126
1852664939 -741155125
1852664939 -741155124
1852664939 -741155123
1852664939 -741155122
1852664939 -741155121
1852664939 -741155120
1852664939 -741155119
1852664939 -741155118
1852664939 -741155117
1852664939 -741155116
1852664939 -741155115
1852664939 -741155114
1852664939 -741155113
1852664939 -741155112
1852664939 -741155111
1852664939 -741155110
1852664939 -741155109
1852664939 -741155108
1852664939 -741155107
1852664939 -741155106
1852664939 -741155105
1852664939 -741155104
1852664939 -741155103
1852664939 -741155102
1852664939 -741155101
1852664939 -741155100
1852664939 -741155099
1852664939 -741155098
1852664939 -741155097
1852664939 -741155096
1852664939 -741155095
1852664939 -741155094
1852664939 -741155093
1852664939 -741155092
1852664939 -741155091
1852664939 -741155090
1852664939 -741155089
1852664939 -741155088
1852664939 -741155087
1852664939 -741155086
1852664939 -741155085
1852664939 -741155084
1852664939 -741155083
1852664939 -741155082
1852664939 -741155081
1852664939 -741155080
1852664939 -741155079
1852664939 -741155078
1852664939 -741155077
1852664939 -741155076
1852664939 -741155075
1852664939 -741155074
1852664939 -741155073
1852664939 -741155072
1852664939 -741155071
1852664939 -741155070
1852664939 -741155069
1852664939 -741155068
1852664939 -741155067
1852664939 -741155066
1852664939 -741155065
1852664939 -741155064
1852664939 -741155063
1852664939 -741155062
1852664939 -741155061
1852664939 -741155060
1852664939 -741155059
1852664939 -741155058
1852664939 -741155057
1852664939 -741155056
1852664939 -741155055
1852664939 -741155054
1852664939 -741155053
1852664939 -741155052
1852664939 -741155051
1852664939 -741155050
1852664939 -741155049
1852664939 -741155048
1852664939 -741155047
1852664939 -741155046
1852664939 -741155045
1852664939 -741155044
1852664939 -741155043
1852664939 -741155042
1852664939 -741155041
1852664939 -741155040
1852664939 -741155039
1852664939 -741155038
1852664939 -741155037
1852664939 -741155036
1852664939 -741155035
1852664939 -741155034
1852664939 -741155033
1852664939 -741155032
1852664939 -741155031
1852664939 -741155030
1852664939 -741155029
1852664939 -741155028
1852664939 -741155027
1852664939 -741155026
1852664939 -741155025
1852664939 -741155024
1852664939 -741155023
1852664939 -741155022
1852664939 -741155021
1852664939 -741155020
1852664939 -741155019
1852664939 -741155018
1852664939 -741155017
1852664939 -741155016
1852664939 -741155015
1852664939 -741155014
1852664939 -741155013
1852664939 -741155012
1852664939 -741155011
1852664939 -741155010
1852664939 -741155009
1852664939 -741155008
1852664939 -741155007
1852664939 -741155006
1852664939 -741155005
1852664939 -741155004
1852664939 -741155003
1852664939 -741155002
1852664939 -741155001
1852664939 -741155000
1852664939 -741154999
1852664939 -741154998
1852664939 -741154997
1852664939 -741154996
1852664939 -741154995
1852664939 -741154994
1852664939 -741154993
1852664939 -741154992
1852664939 -741154991
1852664939 -741154990
1852664939 -741154989
1852664939 -741154988
1852664939 -741154987
1852664939 -741154986
1852664939 -741154985
1852664939 -741154984
1852664939 -741154983
1852664939 -741154982
1852664939 -741154981
1852664939 -741154980
1852664939 -741154979
1852664939 -741154978
1852664939 -741154977
1852664939 -741154976
1852664939 -741154975
1852664939 -741154974
1852664939 -741154973
1852664939 -741154972
1852664939 -741154971
1852664939 -741154970
1852664939 -741154969
1852664939 -741154968
1852664939 -741154967
1852664939 -741154966
1852664939 -741154965
1852664939 -741154964
1852664939 -741154963
1852664939 -741154962
1852664939 -741154961
1852664939 -741154960
1852664939 -741154959
1852664939 -741154958
1852664939 -741154957
1852664939 -741154956
1852664939 -741154955
1852664939 -741154954
1852664939 -741154953
1852664939 -741154952
1852664939 -741154951
1852664939 -741154950
1852664939 -741154949
1852664939 -741154948
1852664939 -741154947
1852664939 -741154946
1852664939 -741154945
1852664939 -741154944
1852664939 -741154943
1852664939 -741154942
1852664939 -741154941
1852664939 -741154940
1852664939 -741154939
1852664939 -741154938
1852664939 -741154937
1852664939 -741154936
1852664939 -741154935
1852664939 -741154934
1852664939 -741154933
1852664939 -741154932
1852664939 -741154931
1852664939 -741154930
1852664939 -741154929
1852664939 -741154928
1852664939 -741154927
1852664939 -741154926
1852664939 -741154925
1852664939 -741154924
1852664939 -741154923
1852664939 -741154922
1852664939 -741154921
1852664939 -741154920
1852664939 -741154919
1852664939 -741154918
1852664939 -741154917
1852664939 -741154916
1852664939 -741154915
1852664939 -741154914
1852664939 -741154913
1852664939 -741154912
1852664939 -741154911
1852664939 -741154910
1852664939 -741154909
1852664939 -741154908
1852664939 -741154907
1852664939 -741154906
1852664939 -741154905
1852664939 -741154904
1852664939 -741154903
1852664939 -741154902
1852664939 -741154901
1852664939 -741154900
1852664939 -741154899
1852664939 -741154898
1852664939 -741154897
1852664939 -741154896
1852664939 -741154895
1852664939 -741154894
1852664939 -741154893
1852664939 -741154892
1852664939 -741154891
1852664939 -741154890
1852664939 -741154889
1852664939 -741154888
1852664939 -741154887
1852664939 -741154886
1852664939 -741154885
1852664939 -741154884
1852664939 -741154883
1852664939 -741154882
1852664939 -741154881
1852664939 -741154880
1852664939 -741154879
1852664939 -741154878
1852664939 -741154877
1852664939 -741154876
1852664939 -741154875
1852664939 -741154874
1852664939 -741154873
1852664939 -741154872
1852664939 -741154871
1852664939 -741154870
1852664939 -741154869
1852664939 -741154868
1852664939 -741154867
1852664939 -741154866
1852664939 -741154865
1852664939 -741154864
1852664939 -741154863
1852664939 -741154862
1852664939 -741154861
1852664939 -741154860
1852664939 -741154859
1852664939 -741154858
1852664939 -741154857
1852664939 -741154856
1852664939 -741154855
1852664939 -741154854
1852664939 -741154853
1852664939 -741154852
1852664939 -741154851
1852664939 -741154850
1852664939 -741154849
1852664939 -741154848
1852664939 -741154847
1852664939 -741154846
1852664939 -741154845
1852664939 -741154844
1852664939 -741154843
1852664939 -741154842
1852664939 -741154841
1852664939 -741154840
1852664939 -741154839
1852664939 -741154838
1852664939 -741154837
1852664939 -741154836
1852664939 -741154835
1852664939 -741154834
1852664939 -741154833
1852664939 -741154832
1852664939 -741154831
1852664939 -741154830
1852664939 -741154829
1852664939 -741154828
1852664939 -741154827
1852664939 -741154826
1852664939 -741154825
1852664939 -741154824
1852664939 -741154823
1852664939 -741154822
1852664939 -741154821
1852664939 -741154820
1852664939 -741154819
1852664939 -741154818
1852664939 -741154817
1852664939 -741154816
1852664939 -741154815
1852664939 -741154814
1852664939 -741154813
1852664939 -741154812
1852664939 -741154811
1852664939 -741154810
1852664939 -741154809
1852664939 -741154808
1852664939 -741154807
1852664939 -741154806
1852664939 -741154805
1852664939 -741154804
1852664939 -741154803
1852664939 -741154802
1852664939 -741154801
1852664939 -741154800
1852664939 -741154799
1852664939 -741154798
1852664939 -741154797
1852664939 -741154796
1852664939 -741154795
1852664939 -741154794
1852664939 -741154793
1852664939 -741154792
1852664939 -741154791
1852664939 -741154790
1852664939 -741154789
1852664939 -741154788
1852664939 -741154787
1852664939 -741154786
1852664939 -741154785
1852664939 -741154784
1852664939 -741154783
1852664939 -741154782
1852664939 -741154781
1852664939 -741154780
1852664939 -741154779
1852664939 -741154778
1852664939 -741154777
1852664939 -741154776
1852664939 -741154775
1852664939 -741154774
1852664939 -741154773
1852664939 -741154772
1852664939 -741154771
1852664939 -741154770
1852664939 -741154769
1852664939 -741154768
1852664939 -741154767
1852664939 -741154766
1852664939 -741154765
1852664939 -741154764
1852664939 -741154763
1852664939 -741154762
1852664939 -741154761
1852664939 -741154760
1852664939 -741154759
1852664939 -741154758
1852664939 -741154757
1852664939 -741154756
1852664939 -741154755
1852664939 -741154754
1852664939 -741154753
1852664939 -741154752
1852664939 -741154751
1852664939 -741154750
1852664939 -741154749
1852664939 -741154748
1852664939 -741154747
1852664939 -741154746
1852664939 -741154745
1852664939 -741154744
1852664939 -741154743
1852664939 -741154742
1852664939 -741154741
1852664939 -741154740
1852664939 -741154739
1852664939 -741154738
1852664939 -741154737
1852664939 -741154736
1852664939 -741154735
1852664939 -741154734
1852664939 -741154733
1852664939 -741154732
1852664939 -741154731
1852664939 -741154730
1852664939 -741154729
1852664939 -741154728
1852664939 -741154727
1852664939 -741154726
1852664939 -741154725
1852664939 -741154724
1852664939 -741154723
1852664939 -741154722
1852664939 -741154721
1852664939 -741154720
1852664939 -741154719
1852664939 -741154718
1852664939 -741154717
1852664939 -741154716
1852664939 -741154715
1852664939 -741154714
1852664939 -741154713
1852664939 -741154712
1852664939 -741154711
1852664939 -741154710
1852664939 -741154709
1852664939 -741154708
1852664939 -741154707
1852664939 -741154706
1852664939 -741154705
1852664939 -741154704
1852664939 -741154703
1852664939 -741154702
1852664939 -741154701
1852664939 -741154700
1852664939 -741154699
1852664939 -741154698
1852664939 -741154697
1852664939 -741154696
1852664939 -741154695
1852664939 -741154694
1852664939 -741154693
1852664939 -741154692
1852664939 -741154691
1852664939 -741154690
1852664939 -741154689
1852664939 -741154688
1852664939 -741154687
1852664939 -741154686
1852664939 -741154685
1852664939 -741154684
1852664939 -741154683
1852664939 -741154682
1852664939 -741154681
1852664939 -741154680
1852664939 -741154679
1852664939 -741154678
1852664939 -741154677
1852664939 -741154676
1852664939 -741154675
1852664939 -741154674
1852664939 -741154673
1852664939 -741154672
1852664939 -741154671
1852664939 -741154670
1852664939 -741154669
1852664939 -741154668
1852664939 -741154667
1852664939 -741154666
1852664939 -741154665
1852664939 -741154664
1852664939 -741154663
1852664939 -741154662
1852664939 -741154661
1852664939 -741154660
1852664939 -741154659
1852664939 -741154658
1852664939 -741154657
1852664939 -741154656
1852664939 -741154655
1852664939 -741154654
1852664939 -741154653
1852664939 -741154652
1852664939 -741154651
1852664939 -741154650
1852664939 -741154649
1852664939 -741154648
1852664939 -741154647
1852664939 -741154646
1852664939 -741154645
1852664939 -741154644
1852664939 -741154643
1852664939 -741154642
1852664939 -741154641
1852664939 -741154640
1852664939 -741154639
1852664939 -741154638
1852664939 -741154637
1852664939 -741154636
1852664939 -741154635
1852664939 -741154634
1852664939 -741154633
1852664939 -741154632
1852664939 -741154631
1852664939 -741154630
1852664939 -741154629
1852664939 -741154628
1852664939 -741154627
1852664939 -741154626
1852664939 -741154625
1852664939 -741154624
1852664939 -741154623
1852664939 -741154622
1852664939 -741154621
1852664939 -741154620
1852664939 -741154619
1852664939 -741154618
1852664939 -741154617
1852664939 -741154616
1852664939 -741154615
1852664939 -741154614
1852664939 -741154613
1852664939 -741154612
1852664939 -741154611
1852664939 -741154610
1852664939 -741154609
1852664939 -741154608
1852664939 -741154607
1852664939 -741154606
1852664939 -741154605
1852664939 -741154604
1852664939 -741154603
1852664939 -741154602
1852664939 -741154601
1852664939 -741154600
1852664939 -741154599
1852664939 -741154598
1852664939 -741154597
1852664939 -741154596
1852664939 -741154595
1852664939 -741154594
1852664939 -741154593
1852664939 -741154592
1852664939 -741154591
1852664939 -741154590
1852664939 -741154589
1852664939 -741154588
1852664939 -741154587
1852664939 -741154586
1852664939 -741154585
1852664939 -741154584
1852664939 -741154583
1852664939 -741154582
1852664939 -741154581
1852664939 -741154580
1852664939 -741154579
1852664939 -741154578
1852664939 -741154577
1852664939 -741154576
1852664939 -741154575
1852664939 -741154574
1852664939 -741154573
1852664939 -741154572
1852664939 -741154571
1852664939 -741154570
1852664939 -741154569
1852664939 -741154568
1852664939 -741154567
1852664939 -741154566
1852664939 -741154565
1852664939 -741154564
1852664939 -741154563
1852664939 -741154562
1852664939 -741154561
1852664939 -741154560
1852664939 -741154559
1852664939 -741154558
1852664939 -741154557
1852664939 -741154556
1852664939 -741154555
1852664939 -741154554
1852664939 -741154553
1852664939 -741154552
1852664939 -741154551
1852664939 -741154550
1852664939 -741154549
1852664939 -741154548
1852664939 -741154547
1852664939 -741154546
1852664939 -741154545
1852664939 -741154544
1852664939 -741154543
1852664939 -741154542
1852664939 -741154541
1852664939 -741154540
1852664939 -741154539
1852664939 -741154538
1852664939 -741154537
1852664939 -741154536
1852664939 -741154535
1852664939 -741154534
1852664939 -741154533
1852664939 -741154532
1852664939 -741154531
1852664939 -741154530
1852664939 -741154529
1852664939 -741154528
1852664939 -741154527
1852664939 -741154526
1852664939 -741154525
1852664939 -741154524
1852664939 -741154523
1852664939 -741154522
1852664939 -741154521
1852664939 -741154520
1852664939 -741154519
1852664939 -741154518
1852664939 -741154517
1852664939 -741154516
1852664939 -741154515
1852664939 -741154514
1852664939 -741154513
1852664939 -741154512
1852664939 -741154511
1852664939 -741154510
1852664939 -741154509
1852664939 -741154508
1852664939 -741154507
1852664939 -741154506
1852664939 -741154505
1852664939 -741154504
1852664939 -741154503
1852664939 -741154502
1852664939 -741154501
1852664939 -741154500
1852664939 -741154499
1852664939 -741154498
1852664939 -741154497
1852664939 -741154496
1852664939 -741154495
1852664939 -741154494
1852664939 -741154493
1852664939 -741154492
1852664939 -741154491
1852664939 -741154490
1852664939 -741154489
1852664939 -741154488
1852664939 -741154487
1852664939 -741154486
1852664939 -741154485
1852664939 -741154484
1852664939 -741154483
1852664939 -741154482
1852664939 -741154481
1852664939 -741154480
1852664939 -741154479
1852664939 -741154478
1852664939 -741154477
1852664939 -741154476
1852664939 -741154475
1852664939 -741154474
1852664939 -741154473
1852664939 -741154472
1852664939 -741154471
1852664939 -741154470
1852664939 -741154469
1852664939 -741154468
1852664939 -741154467
1852664939 -741154466
1852664939 -741154465
1852664939 -741154464
1852664939 -741154463
1852664939 -741154462
1852664939 -741154461
1852664939 -741154460
1852664939 -741154459
1852664939 -741154458
1852664939 -741154457
1852664939 -741154456
1852664939 -741154455
1852664939 -741154454
1852664939 -741154453
1852664939 -741154452
1852664939 -741154451
1852664939 -741154450
1852664939 -741154449
1852664939 -741154448
1852664939 -741154447
1852664939 -741154446
1852664939 -741154445
1852664939 -741154444
1852664939 -741154443
1852664939 -741154442
1852664939 -741154441
1852664939 -741154440
1852664939 -741154439
1852664939 -741154438
1852664939 -741154437
1852664939 -741154436
1852664939 -741154435
1852664939 -741154434
1852664939 -741154433
1852664939 -741154432
1852664939 -741154431
1852664939 -741154430
1852664939 -741154429
1852664939 -741154428
1852664939 -741154427
1852664939 -741154426
1852664939 -741154425
1852664939 -741154424
1852664939 -741154423
1852664939 -741154422
1852664939 -741154421
1852664939 -741154420
1852664939 -741154419
1852664939 -741154418
1852664939 -741154417
1852664939 -741154416
1852664939 -741154415
1852664939 -741154414
1852664939 -741154413
1852664939 -741154412
1852664939 -741154411
1852664939 -741154410
1852664939 -741154409
1852664939 -741154408
1852664939 -741154407
1852664939 -741154406
1852664939 -741154405
1852664939 -741154404
1852664939 -741154403
1852664939 -741154402
1852664939 -741154401
1852664939 -741154400
1852664939 -741154399
1852664939 -741154398
1852664939 -741154397
1852664939 -741154396
1852664939 -741154395
1852664939 -741154394
1852664939 -741154393
1852664939 -741154392
1852664939 -741154391
1852664939 -741154390
1852664939 -741154389
1852664939 -741154388
1852664939 -741154387
1852664939 -741154386
1852664939 -741154385
1852664939 -741154384
1852664939 -741154383
1852664939 -741154382
1852664939 -741154381
1852664939 -741154380
1852664939 -741154379
1852664939 -741154378
1852664939 -741154377
1852664939 -741154376
1852664939 -741154375
1852664939 -741154374
1852664939 -741154373
1852664939 -741154372
1852664939 -741154371
1852664939 -741154370
1852664939 -741154369
1852664939 -741154368
1852664939 -741154367
1852664939 -741154366
1852664939 -741154365
1852664939 -741154364
1852664939 -741154363
1852664939 -741154362
1852664939 -741154361
1852664939 -741154360
1852664939 -741154359
1852664939 -741154358
1852664939 -741154357
1852664939 -741154356
1852664939 -741154355
1852664939 -741154354
1852664939 -741154353
1852664939 -741154352
1852664939 -741154351
1852664939 -741154350
1852664939 -741154349
1852664939 -741154348
1852664939 -741154347
1852664939 -741154346
1852664939 -741154345
1852664939 -741154344
1852664939 -741154343
1852664939 -741154342
1852664939 -741154341
1852664939 -741154340
1852664939 -741154339
1852664939 -741154338
1852664939 -741154337
1852664939 -741154336
1852664939 -741154335
1852664939 -741154334
1852664939 -741154333
1852664939 -741154332
1852664939 -741154331
1852664939 -741154330
1852664939 -741154329
1852664939 -741154328
1852664939 -741154327
1852664939 -741154326
1852664939 -741154325
1852664939 -741154324
1852664939 -741154323
1852664939 -741154322
1852664939 -741154321
1852664939 -741154320
1852664939 -741154319
1852664939 -741154318
1852664939 -741154317
1852664939 -741154316
1852664939 -741154315
1852664939 -741154314
1852664939 -741154313
1852664939 -741154312
1852664939 -741154311
1852664939 -741154310
1852664939 -741154309
1852664939 -741154308
1852664939 -741154307
1852664939 -741154306
1852664939 -741154305
1852664939 -741154304
1852664939 -741154303
1852664939 -741154302
1852664939 -741154301
1852664939 -741154300
1852664939 -741154299
1852664939 -741154298
1852664939 -741154297
1852664939 -741154296
1852664939 -741154295
1852664939 -741154294
1852664939 -741154293
1852664939 -741154292
1852664939 -741154291
1852664939 -741154290
1852664939 -741154289
1852664939 -741154288
1852664939 -741154287
1852664939 -741154286
1852664939 -741154285
1852664939 -741154284
1852664939 -741154283
1852664939 -741154282
1852664939 -741154281
1852664939 -741154280
1852664939 -741154279
1852664939 -741154278
1852664939 -741154277
1852664939 -741154276
1852664939 -741154275
1852664939 -741154274
1852664939 -741154273
1852664939 -741154272
1852664939 -741154271
1852664939 -741154270
1852664939 -741154269
1852664939 -741154268
1852664939 -741154267
1852664939 -741154266
1852664939 -741154265
1852664939 -741154264
1852664939 -741154263
1852664939 -741154262
1852664939 -741154261
1852664939 -741154260
1852664939 -741154259
1852664939 -741154258
1852664939 -741154257
1852664939 -741154256
1852664939 -741154255
1852664939 -741154254
1852664939 -741154253
1852664939 -741154252
1852664939 -741154251
1852664939 -741154250
1852664939 -741154249
1852664939 -741154248
1852664939 -741154247
1852664939 -741154246
1852664939 -741154245
1852664939 -741154244
1852664939 -741154243
1852664939 -741154242
1852664939 -741154241
1852664939 -741154240
1852664939 -741154239
1852664939 -741154238
1852664939 -741154237
1852664939 -741154236
1852664939 -741154235
1852664939 -741154234
1852664939 -741154233
1852664939 -741154232
1852664939 -741154231
1852664939 -741154230
1852664939 -741154229
1852664939 -741154228
1852664939 -741154227
1852664939 -741154226
1852664939 -741154225
1852664939 -741154224
1852664939 -741154223
1852664939 -741154222
1852664939 -741154221
1852664939 -741154220
1852664939 -741154219
1852664939 -741154218
1852664939 -741154217
1852664939 -741154216
1852664939 -741154215
1852664939 -741154214
1852664939 -741154213
1852664939 -741154212
1852664939 -741154211
1852664939 -741154210
1852664939 -741154209
1852664939 -741154208
1852664939 -741154207
1852664939 -741154206
1852664939 -741154205
1852664939 -741154204
1852664939 -741154203
1852664939 -741154202
1852664939 -741154201
1852664939 -741154200
1852664939 -741154199
1852664939 -741154198
1852664939 -741154197
1852664939 -741154196
1852664939 -741154195
1852664939 -741154194
1852664939 -741154193
1852664939 -741154192
1852664939 -741154191
1852664939 -741154190
1852664939 -741154189
1852664939 -741154188
1852664939 -741154187
1852664939 -741154186
1852664939 -741154185
1852664939 -741154184
1852664939 -741154183
1852664939 -741154182
1852664939 -741154181
1852664939 -741154180
1852664939 -741154179
1852664939 -741154178
1852664939 -741154177
1852664939 -741154176
1852664939 -741154175
1852664939 -741154174
1852664939 -741154173
1852664939 -741154172
1852664939 -741154171
1852664939 -741154170
1852664939 -741154169
1852664939 -741154168
1852664939 -741154167
1852664939 -741154166
1852664939 -741154165
1852664939 -741154164
1852664939 -741154163
1852664939 -741154162
1852664939 -741154161
1852664939 -741154160
1852664939 -741154159
1852664939 -741154158
1852664939 -741154157
1852664939 -741154156
1852664939 -741154155
1852664939 -741154154
1852664939 -741154153
1852664939 -741154152
1852664939 -741154151
1852664939 -741154150
1852664939 -741154149
1852664939 -741154148
1852664939 -741154147
1852664939 -741154146
1852664939 -741154145
1852664939 -741154144
1852664939 -741154143
1852664939 -741154142
1852664939 -741154141
1852664939 -741154140
1852664939 -741154139
1852664939 -741154138
1852664939 -741154137
1852664939 -741154136
1852664939 -741154135
1852664939 -741154134
1852664939 -741154133
1852664939 -741154132
1852664939 -741154131
1852664939 -741154130
1852664939 -741154129
1852664939 -741154128
1852664939 -741154127
1852664939 -741154126
1852664939 -741154125
1852664939 -741154124
1852664939 -741154123
1852664939 -741154122
1852664939 -741154121
1852664939 -741154120
1852664939 -741154119
1852664939 -741154118
1852664939 -741154117
1852664939 -741154116
1852664939 -741154115
1852664939 -741154114
1852664939 -741154113
1852664939 -741154112
1852664939 -741154111
1852664939 -741154110
1852664939 -741154109
1852664939 -741154108
1852664939 -741154107
1852664939 -741154106
1852664939 -741154105
1852664939 -741154104
1852664939 -741154103
1852664939 -741154102
1852664939 -741154101
1852664939 -741154100
1852664939 -741154099
1852664939 -741154098
1852664939 -741154097
1852664939 -741154096
1852664939 -741154095
1852664939 -741154094
1852664939 -741154093
1852664939 -741154092
1852664939 -741154091
1852664939 -741154090
1852664939 -741154089
1852664939 -741154088
1852664939 -741154087
1852664939 -741154086
1852664939 -741154085
1852664939 -741154084
1852664939 -741154083
1852664939 -741154082
1852664939 -741154081
1852664939 -741154080
1852664939 -741154079
1852664939 -741154078
1852664939 -741154077
1852664939 -741154076
1852664939 -741154075
1852664939 -741154074
1852664939 -741154073
1852664939 -741154072
1852664939 -741154071
1852664939 -741154070
1852664939 -741154069
1852664939 -741154068
1852664939 -741154067
1852664939 -741154066
1852664939 -741154065
1852664939 -741154064
1852664939 -741154063
1852664939 -741154062
1852664939 -741154061
1852664939 -741154060
1852664939 -741154059
1852664939 -741154058
1852664939 -741154057
1852664939 -741154056
1852664939 -741154055
1852664939 -741154054
1852664939 -741154053
1852664939 -741154052
1852664939 -741154051
1852664939 -741154050
1852664939 -741154049
1852664939 -741154048
1852664939 -741154047
1852664939 -741154046
1852664939 -741154045
1852664939 -741154044
1852664939 -741154043
1852664939 -741154042
1852664939 -741154041
1852664939 -741154040
1852664939 -741154039
1852664939 -741154038
1852664939 -741154037
1852664939 -741154036
1852664939 -741154035
1852664939 -741154034
1852664939 -741154033
1852664939 -741154032
1852664939 -741154031
1852664939 -741154030
1852664939 -741154029
1852664939 -741154028
1852664939 -741154027
1852664939 -741154026
1852664939 -741154025
1852664939 -741154024
1852664939 -741154023
1852664939 -741154022
1852664939 -741154021
1852664939 -741154020
1852664939 -741154019
1852664939 -741154018
1852664939 -741154017
1852664939 -741154016
1852664939 -741154015
1852664939 -741154014
1852664939 -741154013
1852664939 -741154012
1852664939 -741154011
1852664939 -741154010
1852664939 -741154009
1852664939 -741154008
1852664939 -741154007
1852664939 -741154006
1852664939 -741154005
1852664939 -741154004
1852664939 -741154003
1852664939 -741154002
1852664939 -741154001
1852664939 -741154000
1852664939 -741153999
1852664939 -741153998
1852664939 -741153997
1852664939 -741153996
1852664939 -741153995
1852664939 -741153994
1852664939 -741153993
1852664939 -741153992
1852664939 -741153991
1852664939 -741153990
1852664939 -741153989
1852664939 -741153988
1852664939 -741153987
1852664939 -741153986
1852664939 -741153985
1852664939 -741153984
1852664939 -741153983
1852664939 -741153982
1852664939 -741153981
1852664939 -741153980
1852664939 -741153979
1852664939 -741153978
1852664939 -741153977
1852664939 -741153976
1852664939 -741153975
1852664939 -741153974
1852664939 -741153973
1852664939 -741153972
1852664939 -741153971
1852664939 -741153970
1852664939 -741153969
1852664939 -741153968
1852664939 -741153967
1852664939 -741153966
1852664939 -741153965
1852664939 -741153964
1852664939 -741153963
1852664939 -741153962
1852664939 -741153961
1852664939 -741153960
1852664939 -741153959
1852664939 -741153958
1852664939 -741153957
1852664939 -741153956
1852664939 -741153955
1852664939 -741153954
1852664939 -741153953
1852664939 -741153952
1852664939 -741153951
1852664939 -741153950
1852664939 -741153949
1852664939 -741153948
1852664939 -741153947
1852664939 -741153946
1852664939 -741153945
1852664939 -741153944
1852664939 -741153943
1852664939 -741153942
1852664939 -741153941
1852664939 -741153940
1852664939 -741153939
1852664939 -741153938
1852664939 -741153937
1852664939 -741153936
1852664939 -741153935
1852664939 -741153934
1852664939 -741153933
1852664939 -741153932
1852664939 -741153931
1852664939 -741153930
1852664939 -741153929
1852664939 -741153928
1852664939 -741153927
1852664939 -741153926
1852664939 -741153925
1852664939 -741153924
1852664939 -741153923
1852664939 -741153922
1852664939 -741153921
1852664939 -741153920
1852664939 -741153919
1852664939 -741153918
1852664939 -741153917
1852664939 -741153916
1852664939 -741153915
1852664939 -741153914
1852664939 -741153913
1852664939 -741153912
1852664939 -741153911
1852664939 -741153910
1852664939 -741153909
1852664939 -741153908
1852664939 -741153907
1852664939 -741153906
1852664939 -741153905
1852664939 -741153904
1852664939 -741153903
1852664939 -741153902
1852664939 -741153901
1852664939 -741153900
1852664939 -741153899
1852664939 -741153898
1852664939 -741153897
1852664939 -741153896
1852664939 -741153895
1852664939 -741153894
1852664939 -741153893
1852664939 -741153892
1852664939 -741153891
1852664939 -741153890
1852664939 -741153889
1852664939 -741153888
1852664939 -741153887
1852664939 -741153886
1852664939 -741153885
1852664939 -741153884
1852664939 -741153883
1852664939 -741153882
1852664939 -741153881
1852664939 -741153880
1852664939 -741153879
1852664939 -741153878
1852664939 -741153877
1852664939 -741153876
1852664939 -741153875
1852664939 -741153874
1852664939 -741153873
1852664939 -741153872
1852664939 -741153871
1852664939 -741153870
1852664939 -741153869
1852664939 -741153868
1852664939 -741153867
1852664939 -741153866
1852664939 -741153865
1852664939 -741153864
1852664939 -741153863
1852664939 -741153862
1852664939 -741153861
1852664939 -741153860
1852664939 -741153859
1852664939 -741153858
1852664939 -741153857
1852664939 -741153856
1852664939 -741153855
1852664939 -741153854
1852664939 -741153853
1852664939 -741153852
1852664939 -741153851
1852664939 -741153850
1852664939 -741153849
1852664939 -741153848
1852664939 -741153847
1852664939 -741153846
1852664939 -741153845
1852664939 -741153844
1852664939 -741153843
1852664939 -741153842
1852664939 -741153841
1852664939 -741153840
1852664939 -741153839
1852664939 -741153838
1852664939 -741153837
1852664939 -741153836
1852664939 -741153835
1852664939 -741153834
1852664939 -741153833
1852664939 -741153832
1852664939 -741153831
1852664939 -741153830
1852664939 -741153829
1852664939 -741153828
1852664939 -741153827
1852664939 -741153826
1852664939 -741153825
1852664939 -741153824
1852664939 -741153823
1852664939 -741153822
1852664939 -741153821
1852664939 -741153820
1852664939 -741153819
1852664939 -741153818
1852664939 -741153817
1852664939 -741153816
1852664939 -741153815
1852664939 -741153814
1852664939 -741153813
1852664939 -741153812
1852664939 -741153811
1852664939 -741153810
1852664939 -741153809
1852664939 -741153808
1852664939 -741153807
1852664939 -741153806
1852664939 -741153805
1852664939 -741153804
1852664939 -741153803
1852664939 -741153802
1852664939 -741153801
1852664939 -741153800
1852664939 -741153799
1852664939 -741153798
1852664939 -741153797
1852664939 -741153796
1852664939 -741153795
1852664939 -741153794
1852664939 -741153793
1852664939 -741153792
1852664939 -741153791
1852664939 -741153790
1852664939 -741153789
1852664939 -741153788
1852664939 -741153787
1852664939 -741153786
1852664939 -741153785
1852664939 -741153784
1852664939 -741153783
1852664939 -741153782
1852664939 -741153781
1852664939 -741153780
1852664939 -741153779
1852664939 -741153778
1852664939 -741153777
1852664939 -741153776
1852664939 -741153775
1852664939 -741153774
1852664939 -741153773
1852664939 -741153772
1852664939 -741153771
1852664939 -741153770
1852664939 -741153769
1852664939 -741153768
1852664939 -741153767
1852664939 -741153766
1852664939 -741153765
1852664939 -741153764
1852664939 -741153763
1852664939 -741153762
1852664939 -741153761
1852664939 -741153760
1852664939 -741153759
1852664939 -741153758
1852664939 -741153757
1852664939 -741153756
1852664939 -741153755
1852664939 -741153754
1852664939 -741153753
1852664939 -741153752
1852664939 -741153751
1852664939 -741153750
1852664939 -741153749
1852664939 -741153748
1852664939 -741153747
1852664939 -741153746
1852664939 -741153745
1852664939 -741153744
1852664939 -741153743
1852664939 -741153742
1852664939 -741153741
1852664939 -741153740
1852664939 -741153739
1852664939 -741153738
1852664939 -741153737
1852664939 -741153736
1852664939 -741153735
1852664939 -741153734
1852664939 -741153733
1852664939 -741153732
1852664939 -741153731
1852664939 -741153730
1852664939 -741153729
1852664939 -741153728
1852664939 -741153727
1852664939 -741153726
1852664939 -741153725
1852664939 -741153724
1852664939 -741153723
1852664939 -741153722
1852664939 -741153721
1852664939 -741153720
1852664939 -741153719
1852664939 -741153718
1852664939 -741153717
1852664939 -741153716
1852664939 -741153715
1852664939 -741153714
1852664939 -741153713
1852664939 -741153712
1852664939 -741153711
1852664939 -741153710
1852664939 -741153709
18526